-- 027_fixed_splits.sql
-- Retire the slot-filling generator and serve pre-built splits verbatim.
--
-- The picker (split_definitions -> split_days -> split_day_slots + the
-- tier/role ranking in split-fill.ts) is replaced by 10 fixed splits taken
-- straight from the elmadhi fixed-splits sheet: one per (gender, days_per_week),
-- each day holding 7 fixed exercises with the sheet's own reps, swap options and
-- coaching advice. Program generation is now "match gender + days, copy the
-- rows" — no ranking, filtering, or candidate pool.
--
-- Exercises are resolved to the existing canonical catalog by name so live
-- sessions, set logging, progress charts and illustrations keep working. Six
-- sheet names use a slightly different spelling than the catalog and are
-- aliased in the seed below.
--
-- The questionnaire is slimmed to what actually matches or adapts a split:
-- gender + days_per_week select it, experience + recovery guide the day count,
-- and location/equipment/injuries power the manual swap picker. Every question
-- that only fed the retired picker (session_duration, training_style,
-- pullup_ability, lift_comfort, age_bracket, body_focus, exercise_dislikes,
-- weight_goal, cardio_preference) is removed.
--
-- The old split_definitions / split_days / split_day_slots tables are left in
-- place but unused; nothing reads them after this migration.
--
-- Paste into Supabase Dashboard -> SQL Editor -> Run.

BEGIN;

-- ============================================================
-- 1. Fixed-split tables
-- ============================================================
CREATE TABLE IF NOT EXISTS fixed_splits (
  id            TEXT PRIMARY KEY,
  gender        TEXT NOT NULL CHECK (gender IN ('Male', 'Female')),
  days_per_week INT  NOT NULL CHECK (days_per_week BETWEEN 2 AND 6),
  title_en      TEXT NOT NULL,
  week_order_en TEXT,
  UNIQUE (gender, days_per_week)
);

CREATE TABLE IF NOT EXISTS fixed_split_days (
  id             UUID PRIMARY KEY DEFAULT gen_random_uuid(),
  fixed_split_id TEXT NOT NULL REFERENCES fixed_splits(id) ON DELETE CASCADE,
  day_number     INT  NOT NULL,
  day_name_en    TEXT NOT NULL,
  day_name_ar    TEXT,
  description_en TEXT,
  UNIQUE (fixed_split_id, day_number)
);

CREATE TABLE IF NOT EXISTS fixed_split_exercises (
  id                 UUID PRIMARY KEY DEFAULT gen_random_uuid(),
  fixed_split_day_id UUID NOT NULL REFERENCES fixed_split_days(id) ON DELETE CASCADE,
  order_index        INT  NOT NULL,
  exercise_id        UUID NOT NULL REFERENCES exercises(id),
  reps               TEXT NOT NULL,
  swap_options       JSONB NOT NULL DEFAULT '[]'::jsonb,
  advice_en          TEXT,
  UNIQUE (fixed_split_day_id, order_index)
);

-- Read-only reference data, mirroring split_definitions' policy.
ALTER TABLE fixed_splits ENABLE ROW LEVEL SECURITY;
DROP POLICY IF EXISTS fixed_splits_read ON fixed_splits;
CREATE POLICY fixed_splits_read ON fixed_splits FOR SELECT USING (TRUE);

ALTER TABLE fixed_split_days ENABLE ROW LEVEL SECURITY;
DROP POLICY IF EXISTS fixed_split_days_read ON fixed_split_days;
CREATE POLICY fixed_split_days_read ON fixed_split_days FOR SELECT USING (TRUE);

ALTER TABLE fixed_split_exercises ENABLE ROW LEVEL SECURITY;
DROP POLICY IF EXISTS fixed_split_exercises_read ON fixed_split_exercises;
CREATE POLICY fixed_split_exercises_read ON fixed_split_exercises FOR SELECT USING (TRUE);

-- ============================================================
-- Seed: 10 fixed splits (male + female, 2..6 days), verbatim from
-- elmadhi_fixed_workout_splits_final_database. Each day holds 7 fixed
-- exercises resolved to the canonical catalog by name (6 aliases).
-- ============================================================

DELETE FROM fixed_split_exercises;
DELETE FROM fixed_split_days;
DELETE FROM fixed_splits;

INSERT INTO fixed_splits (id, gender, days_per_week, title_en, week_order_en) VALUES
  ('full_body_2day_male', 'Male', 2, '2-Day Full Body Male', 'Full Body A → Full Body B'),
  ('upper_lower_fullbody_3day_male', 'Male', 3, 'Upper / Lower / Full Body Male', 'Upper → Lower → Full Body'),
  ('pull_push_legs_upper_4day_male', 'Male', 4, 'Pull / Push / Legs / Upper Male', 'Pull → Push → Legs → Upper'),
  ('pull_push_legs_upper_lower_5day_male', 'Male', 5, 'Pull / Push / Legs / Upper / Lower Male', 'Pull → Push → Legs → Upper → Lower'),
  ('pull_legs_push_pull_legs_push_6day_male', 'Male', 6, 'Pull / Legs / Push / Pull / Legs / Push Male', 'Pull → Legs → Push → Pull → Legs → Push'),
  ('full_body_2day_female', 'Female', 2, '2-Day Full Body Female', 'Full Body A → Full Body B'),
  ('upper_lower_fullbody_3day_female', 'Female', 3, 'Upper / Lower / Full Body Female', 'Upper → Lower → Full Body'),
  ('push_legs_pull_lower_4day_female', 'Female', 4, 'Push / Legs / Pull / Lower Female', 'Push → Legs → Pull → Lower'),
  ('upper_lower_pull_push_legs_5day_female', 'Female', 5, 'Upper / Lower / Pull / Push / Legs Female', 'Upper → Lower → Pull → Push → Legs'),
  ('upper_lower_push_legs_pull_lower_6day_female', 'Female', 6, 'Upper / Lower / Push / Legs / Pull / Lower Female', 'Upper → Lower → Push → Legs → Pull → Lower');

INSERT INTO fixed_split_days (fixed_split_id, day_number, day_name_en, day_name_ar, description_en) VALUES
  ('full_body_2day_male', 1, 'Full Body A', 'جسم كامل أ', 'Male full body day starting with legs, then back, chest, shoulders, arms and core.'),
  ('full_body_2day_male', 2, 'Full Body B', 'جسم كامل ب', 'Male full body day starting with chest, then back, legs, shoulders, arms and core.'),
  ('upper_lower_fullbody_3day_male', 1, 'Upper', 'علوي', 'Special 3-day male upper body template.'),
  ('upper_lower_fullbody_3day_male', 2, 'Lower', 'سفلي', 'Male lower day with squat priority.'),
  ('upper_lower_fullbody_3day_male', 3, 'Full Body', 'جسم كامل', 'Male full body day starting with legs, then back, chest, shoulders, arms and core.'),
  ('pull_push_legs_upper_4day_male', 1, 'Pull', 'سحب', 'Back, biceps, rear delts, and traps.'),
  ('pull_push_legs_upper_4day_male', 2, 'Push', 'دفع', 'Chest, shoulders, and triceps with upper-chest priority.'),
  ('pull_push_legs_upper_4day_male', 3, 'Legs', 'أرجل', 'Leg day with calves first and squat priority.'),
  ('pull_push_legs_upper_4day_male', 4, 'Upper', 'علوي', 'Upper body day with incline chest, lats, row, rear delt, biceps and triceps.'),
  ('pull_push_legs_upper_lower_5day_male', 1, 'Pull', 'سحب', 'Pull day focused on lats and V-shape width.'),
  ('pull_push_legs_upper_lower_5day_male', 2, 'Push', 'دفع', 'Push day with upper-chest priority.'),
  ('pull_push_legs_upper_lower_5day_male', 3, 'Legs', 'أرجل', 'Leg day with calves first and squat priority.'),
  ('pull_push_legs_upper_lower_5day_male', 4, 'Upper', 'علوي', 'Upper body day with incline chest, lats, row, rear delt, biceps and triceps.'),
  ('pull_push_legs_upper_lower_5day_male', 5, 'Lower', 'سفلي', 'Male lower day with squat priority.'),
  ('pull_legs_push_pull_legs_push_6day_male', 1, 'Pull', 'سحب', 'Pull day focused on lats and V-shape width.'),
  ('pull_legs_push_pull_legs_push_6day_male', 2, 'Legs', 'أرجل', 'Leg day with calves first and squat priority.'),
  ('pull_legs_push_pull_legs_push_6day_male', 3, 'Push', 'دفع', 'Push day with upper-chest priority.'),
  ('pull_legs_push_pull_legs_push_6day_male', 4, 'Pull', 'سحب', 'Pull day focused on upper-back thickness.'),
  ('pull_legs_push_pull_legs_push_6day_male', 5, 'Legs', 'أرجل', 'Leg day with leg press or Bulgarian split squat priority.'),
  ('pull_legs_push_pull_legs_push_6day_male', 6, 'Push', 'دفع', 'Push day with shoulder priority while keeping chest and triceps work.'),
  ('full_body_2day_female', 1, 'Full Body A', 'جسم كامل أ', 'Female full body day focused on lower/glutes and V-shape back.'),
  ('full_body_2day_female', 2, 'Full Body B', 'جسم كامل ب', 'Female full body day focused on lower/glutes, light chest, V-shape back, side delts and triceps.'),
  ('upper_lower_fullbody_3day_female', 1, 'Upper', 'علوي', 'Female upper day focused on V-shape with incline chest, lats, rows, lateral raise and biceps.'),
  ('upper_lower_fullbody_3day_female', 2, 'Lower', 'سفلي', 'Female lower day focused on glutes and hip thrust.'),
  ('upper_lower_fullbody_3day_female', 3, 'Full Body', 'جسم كامل', 'Female full body day focused on lower/glutes and V-shape back.'),
  ('push_legs_pull_lower_4day_female', 1, 'Push', 'دفع', 'Chest, shoulders, and triceps with upper-chest priority.'),
  ('push_legs_pull_lower_4day_female', 2, 'Legs', 'أرجل', 'Female legs day using the glutes focus template.'),
  ('push_legs_pull_lower_4day_female', 3, 'Pull', 'سحب', 'Female pull day focused on lats and V-shape. No rear delt or shrugs by default.'),
  ('push_legs_pull_lower_4day_female', 4, 'Lower', 'سفلي', 'Female lower day focused on glutes and hip thrust.'),
  ('upper_lower_pull_push_legs_5day_female', 1, 'Upper', 'علوي', 'Female upper day focused on V-shape with incline chest, lats, rows, lateral raise and biceps.'),
  ('upper_lower_pull_push_legs_5day_female', 2, 'Lower', 'سفلي', 'Female lower day focused on glutes and hip thrust.'),
  ('upper_lower_pull_push_legs_5day_female', 3, 'Pull', 'سحب', 'Female pull day focused on lats and V-shape. No rear delt or shrugs by default.'),
  ('upper_lower_pull_push_legs_5day_female', 4, 'Push', 'دفع', 'Chest, shoulders, and triceps with upper-chest priority.'),
  ('upper_lower_pull_push_legs_5day_female', 5, 'Legs', 'أرجل', 'Female legs day using the glutes focus template.'),
  ('upper_lower_push_legs_pull_lower_6day_female', 1, 'Upper', 'علوي', 'Female upper day focused on V-shape with incline chest, lats, rows, lateral raise and biceps.'),
  ('upper_lower_push_legs_pull_lower_6day_female', 2, 'Lower', 'سفلي', 'Female lower day focused on glutes and hip thrust.'),
  ('upper_lower_push_legs_pull_lower_6day_female', 3, 'Push', 'دفع', 'Chest, shoulders, and triceps with upper-chest priority.'),
  ('upper_lower_push_legs_pull_lower_6day_female', 4, 'Legs', 'أرجل', 'Female legs day using the glutes focus template.'),
  ('upper_lower_push_legs_pull_lower_6day_female', 5, 'Pull', 'سحب', 'Female pull day focused on lats and V-shape. No rear delt or shrugs by default.'),
  ('upper_lower_push_legs_pull_lower_6day_female', 6, 'Lower', 'سفلي', 'Female lower day focused on quads and leg press.');

INSERT INTO fixed_split_exercises
  (fixed_split_day_id, order_index, exercise_id, reps, swap_options, advice_en) VALUES
  ((SELECT id FROM fixed_split_days WHERE fixed_split_id='full_body_2day_male' AND day_number=1), 1, (SELECT id FROM exercises WHERE name_en='Back Squat'), '6-10', '["Hack Squat", "Smith Machine Squat", "Goblet Squat", "Front Squat", "Bodyweight Squat", "Leg Press", "Single-Leg Leg Press", "Horizontal Leg Press"]'::jsonb, 'Brace your core before each rep. | Keep knees tracking with toes. | Control depth and stand up strong.'),
  ((SELECT id FROM fixed_split_days WHERE fixed_split_id='full_body_2day_male' AND day_number=1), 2, (SELECT id FROM exercises WHERE name_en='Dumbbell RDL'), '6-10', '["Romanian Deadlift", "Smith Machine RDL", "Cable Pull-Through"]'::jsonb, 'Push hips back. | Keep knees slightly bent. | Feel hamstrings stretch without back pain.'),
  ((SELECT id FROM fixed_split_days WHERE fixed_split_id='full_body_2day_male' AND day_number=1), 3, (SELECT id FROM exercises WHERE name_en='Lat Pulldown'), '6-10', '["Close-Grip Lat Pulldown", "Assisted Pull-Up", "Pull-Up"]'::jsonb, 'Pull elbows down toward your ribs. | Keep chest up and shoulders away from ears. | Control the stretch at the top.'),
  ((SELECT id FROM fixed_split_days WHERE fixed_split_id='full_body_2day_male' AND day_number=1), 4, (SELECT id FROM exercises WHERE name_en='Machine Row'), '6-10', '["T-Bar Row", "Bent-Over Barbell Row", "Band Row"]'::jsonb, 'Keep your spine neutral. | Pull elbows back with control. | Avoid using lower-back momentum.'),
  ((SELECT id FROM fixed_split_days WHERE fixed_split_id='full_body_2day_male' AND day_number=1), 5, (SELECT id FROM exercises WHERE name_en='Pec Deck'), '10-15', '["Cable Crossover", "Incline Cable Fly", "Dumbbell Fly", "Band Chest Fly"]'::jsonb, 'Keep shoulders down and chest open. | Use control and avoid swinging. | Stop the set when you stop feeling the chest.'),
  ((SELECT id FROM fixed_split_days WHERE fixed_split_id='full_body_2day_male' AND day_number=1), 6, (SELECT id FROM exercises WHERE name_en='Incline Dumbbell Press'), '6-10', '["Incline Machine Press", "Smith Machine Incline Press", "Incline Barbell Press", "Incline Push-Up"]'::jsonb, 'Keep shoulder blades stable on the bench. | Lower the weight with control toward upper chest. | Push strongly without bouncing.'),
  ((SELECT id FROM fixed_split_days WHERE fixed_split_id='full_body_2day_male' AND day_number=1), 7, (SELECT id FROM exercises WHERE name_en='Cable Crunch'), '12-20', '["Machine Crunch", "Hanging Leg Raise", "Reverse Crunch", "Plank", "Ab Wheel Rollout"]'::jsonb, 'Brace your abs before moving. | Keep lower back controlled. | Do not rush reps.'),
  ((SELECT id FROM fixed_split_days WHERE fixed_split_id='full_body_2day_male' AND day_number=2), 1, (SELECT id FROM exercises WHERE name_en='Pec Deck'), '10-15', '["Cable Crossover", "Incline Cable Fly", "Dumbbell Fly", "Band Chest Fly"]'::jsonb, 'Keep shoulders down and chest open. | Use control and avoid swinging. | Stop the set when you stop feeling the chest.'),
  ((SELECT id FROM fixed_split_days WHERE fixed_split_id='full_body_2day_male' AND day_number=2), 2, (SELECT id FROM exercises WHERE name_en='Incline Dumbbell Press'), '6-10', '["Incline Machine Press", "Smith Machine Incline Press", "Incline Barbell Press", "Incline Push-Up"]'::jsonb, 'Keep shoulder blades stable on the bench. | Lower the weight with control toward upper chest. | Push strongly without bouncing.'),
  ((SELECT id FROM fixed_split_days WHERE fixed_split_id='full_body_2day_male' AND day_number=2), 3, (SELECT id FROM exercises WHERE name_en='Machine Chest Press'), '6-10', '["Dumbbell Bench Press", "Barbell Bench Press", "Push-Up"]'::jsonb, 'Keep feet stable and upper back tight. | Lower under control without bouncing. | Keep wrists stacked over elbows.'),
  ((SELECT id FROM fixed_split_days WHERE fixed_split_id='full_body_2day_male' AND day_number=2), 4, (SELECT id FROM exercises WHERE name_en='Machine Row'), '6-10', '["T-Bar Row", "Bent-Over Barbell Row", "Band Row"]'::jsonb, 'Keep your spine neutral. | Pull elbows back with control. | Avoid using lower-back momentum.'),
  ((SELECT id FROM fixed_split_days WHERE fixed_split_id='full_body_2day_male' AND day_number=2), 5, (SELECT id FROM exercises WHERE name_en='Lat Pulldown'), '6-10', '["Close-Grip Lat Pulldown", "Assisted Pull-Up", "Pull-Up"]'::jsonb, 'Pull elbows down toward your ribs. | Keep chest up and shoulders away from ears. | Control the stretch at the top.'),
  ((SELECT id FROM fixed_split_days WHERE fixed_split_id='full_body_2day_male' AND day_number=2), 6, (SELECT id FROM exercises WHERE name_en='Back Squat'), '6-10', '["Hack Squat", "Smith Machine Squat", "Goblet Squat", "Front Squat", "Bodyweight Squat", "Leg Press", "Single-Leg Leg Press", "Horizontal Leg Press"]'::jsonb, 'Brace your core before each rep. | Keep knees tracking with toes. | Control depth and stand up strong.'),
  ((SELECT id FROM fixed_split_days WHERE fixed_split_id='full_body_2day_male' AND day_number=2), 7, (SELECT id FROM exercises WHERE name_en='Side Plank'), '12-20', '["Bird Dog", "Pallof Press"]'::jsonb, 'Keep ribs down. | Breathe normally. | Stop if lower back arches.'),
  ((SELECT id FROM fixed_split_days WHERE fixed_split_id='upper_lower_fullbody_3day_male' AND day_number=1), 1, (SELECT id FROM exercises WHERE name_en='Pec Deck'), '10-15', '["Cable Crossover", "Incline Cable Fly", "Dumbbell Fly", "Band Chest Fly"]'::jsonb, 'Keep shoulders down and chest open. | Use control and avoid swinging. | Stop the set when you stop feeling the chest.'),
  ((SELECT id FROM fixed_split_days WHERE fixed_split_id='upper_lower_fullbody_3day_male' AND day_number=1), 2, (SELECT id FROM exercises WHERE name_en='Incline Dumbbell Press'), '6-10', '["Incline Machine Press", "Smith Machine Incline Press", "Incline Barbell Press", "Incline Push-Up"]'::jsonb, 'Keep shoulder blades stable on the bench. | Lower the weight with control toward upper chest. | Push strongly without bouncing.'),
  ((SELECT id FROM fixed_split_days WHERE fixed_split_id='upper_lower_fullbody_3day_male' AND day_number=1), 3, (SELECT id FROM exercises WHERE name_en='Lat Pulldown'), '6-10', '["Close-Grip Lat Pulldown", "Assisted Pull-Up", "Pull-Up"]'::jsonb, 'Pull elbows down toward your ribs. | Keep chest up and shoulders away from ears. | Control the stretch at the top.'),
  ((SELECT id FROM fixed_split_days WHERE fixed_split_id='upper_lower_fullbody_3day_male' AND day_number=1), 4, (SELECT id FROM exercises WHERE name_en='Machine Row'), '6-10', '["T-Bar Row", "Bent-Over Barbell Row", "Band Row"]'::jsonb, 'Keep your spine neutral. | Pull elbows back with control. | Avoid using lower-back momentum.'),
  ((SELECT id FROM fixed_split_days WHERE fixed_split_id='upper_lower_fullbody_3day_male' AND day_number=1), 5, (SELECT id FROM exercises WHERE name_en='Reverse Pec Deck'), '6-10', '["Cable Rear Delt Fly", "Dumbbell Rear Delt Fly", "Face Pull", "Band Face Pull", "Band Pull-Apart"]'::jsonb, 'Keep shoulders down. | Open arms with control. | Do not let traps take over.'),
  ((SELECT id FROM fixed_split_days WHERE fixed_split_id='upper_lower_fullbody_3day_male' AND day_number=1), 6, (SELECT id FROM exercises WHERE name_en='EZ-Bar Curl'), '10-15', '["Barbell Curl", "Dumbbell Curl", "Cable Curl", "Chin-Up"]'::jsonb, 'Keep elbows fixed. | Use clean reps, not swinging. | Control the negative.'),
  ((SELECT id FROM fixed_split_days WHERE fixed_split_id='upper_lower_fullbody_3day_male' AND day_number=1), 7, (SELECT id FROM exercises WHERE name_en='Rope Pushdown'), '6-10', '["Cable Triceps Pushdown", "Single-Arm Cable Triceps Pushdown", "Skull Crusher", "Diamond Push-Up", "Band Triceps Pushdown"]'::jsonb, 'Keep elbows stable. | Extend fully without aggressive locking. | Control the return.'),
  ((SELECT id FROM fixed_split_days WHERE fixed_split_id='upper_lower_fullbody_3day_male' AND day_number=2), 1, (SELECT id FROM exercises WHERE name_en='Back Squat'), '6-10', '["Hack Squat", "Smith Machine Squat", "Goblet Squat", "Front Squat", "Bodyweight Squat"]'::jsonb, 'Brace your core before each rep. | Keep knees tracking with toes. | Control depth and stand up strong.'),
  ((SELECT id FROM fixed_split_days WHERE fixed_split_id='upper_lower_fullbody_3day_male' AND day_number=2), 2, (SELECT id FROM exercises WHERE name_en='Seated Leg Curl'), '10-15', '["Standing Single-Leg Curl", "Lying Leg Curl", "Band Hamstring Curl"]'::jsonb, 'Keep hips stable. | Curl smoothly and squeeze hamstrings. | Lower the weight slowly.'),
  ((SELECT id FROM fixed_split_days WHERE fixed_split_id='upper_lower_fullbody_3day_male' AND day_number=2), 3, (SELECT id FROM exercises WHERE name_en='Leg Press'), '6-10', '["Single-Leg Leg Press", "Horizontal Leg Press"]'::jsonb, 'Keep lower back on the pad. | Do not lock knees aggressively. | Control the depth.'),
  ((SELECT id FROM fixed_split_days WHERE fixed_split_id='upper_lower_fullbody_3day_male' AND day_number=2), 4, (SELECT id FROM exercises WHERE name_en='Leg Extension'), '10-15', '["Single-Leg Extension", "Band Leg Extension"]'::jsonb, 'Keep back against the seat. | Lift with quads, not momentum. | Squeeze at the top.'),
  ((SELECT id FROM fixed_split_days WHERE fixed_split_id='upper_lower_fullbody_3day_male' AND day_number=2), 5, (SELECT id FROM exercises WHERE name_en='Hip Abduction Machine'), '10-15', '["Cable Hip Abduction", "Banded Lateral Walk", "Side-Lying Hip Abduction", "Cable Glute Kickback", "Machine Glute Kickback", "Banded Glute Kickback", "Bodyweight Glute Kickback"]'::jsonb, 'Use controlled technique. | Avoid pain and ego lifting. | Progress slowly week by week.'),
  ((SELECT id FROM fixed_split_days WHERE fixed_split_id='upper_lower_fullbody_3day_male' AND day_number=2), 6, (SELECT id FROM exercises WHERE name_en='Standing Calf Raise'), '12-20', '["Seated Calf Raise", "Leg Press Calf Raise", "Single-Leg Calf Raise", "Bodyweight Calf Raise"]'::jsonb, 'Use full range. | Pause at the top. | Do not bounce.'),
  ((SELECT id FROM fixed_split_days WHERE fixed_split_id='upper_lower_fullbody_3day_male' AND day_number=2), 7, (SELECT id FROM exercises WHERE name_en='Cable Crunch'), '12-20', '["Machine Crunch", "Hanging Leg Raise", "Reverse Crunch", "Plank", "Ab Wheel Rollout"]'::jsonb, 'Brace your abs before moving. | Keep lower back controlled. | Do not rush reps.'),
  ((SELECT id FROM fixed_split_days WHERE fixed_split_id='upper_lower_fullbody_3day_male' AND day_number=3), 1, (SELECT id FROM exercises WHERE name_en='Back Squat'), '6-10', '["Hack Squat", "Smith Machine Squat", "Goblet Squat", "Front Squat", "Bodyweight Squat", "Leg Press", "Single-Leg Leg Press", "Horizontal Leg Press"]'::jsonb, 'Brace your core before each rep. | Keep knees tracking with toes. | Control depth and stand up strong.'),
  ((SELECT id FROM fixed_split_days WHERE fixed_split_id='upper_lower_fullbody_3day_male' AND day_number=3), 2, (SELECT id FROM exercises WHERE name_en='Dumbbell RDL'), '6-10', '["Romanian Deadlift", "Smith Machine RDL", "Cable Pull-Through"]'::jsonb, 'Push hips back. | Keep knees slightly bent. | Feel hamstrings stretch without back pain.'),
  ((SELECT id FROM fixed_split_days WHERE fixed_split_id='upper_lower_fullbody_3day_male' AND day_number=3), 3, (SELECT id FROM exercises WHERE name_en='Lat Pulldown'), '6-10', '["Close-Grip Lat Pulldown", "Assisted Pull-Up", "Pull-Up"]'::jsonb, 'Pull elbows down toward your ribs. | Keep chest up and shoulders away from ears. | Control the stretch at the top.'),
  ((SELECT id FROM fixed_split_days WHERE fixed_split_id='upper_lower_fullbody_3day_male' AND day_number=3), 4, (SELECT id FROM exercises WHERE name_en='Machine Row'), '6-10', '["T-Bar Row", "Bent-Over Barbell Row", "Band Row"]'::jsonb, 'Keep your spine neutral. | Pull elbows back with control. | Avoid using lower-back momentum.'),
  ((SELECT id FROM fixed_split_days WHERE fixed_split_id='upper_lower_fullbody_3day_male' AND day_number=3), 5, (SELECT id FROM exercises WHERE name_en='Pec Deck'), '10-15', '["Cable Crossover", "Incline Cable Fly", "Dumbbell Fly", "Band Chest Fly"]'::jsonb, 'Keep shoulders down and chest open. | Use control and avoid swinging. | Stop the set when you stop feeling the chest.'),
  ((SELECT id FROM fixed_split_days WHERE fixed_split_id='upper_lower_fullbody_3day_male' AND day_number=3), 6, (SELECT id FROM exercises WHERE name_en='Incline Dumbbell Press'), '6-10', '["Incline Machine Press", "Smith Machine Incline Press", "Incline Barbell Press", "Incline Push-Up"]'::jsonb, 'Keep shoulder blades stable on the bench. | Lower the weight with control toward upper chest. | Push strongly without bouncing.'),
  ((SELECT id FROM fixed_split_days WHERE fixed_split_id='upper_lower_fullbody_3day_male' AND day_number=3), 7, (SELECT id FROM exercises WHERE name_en='Cable Crunch'), '12-20', '["Machine Crunch", "Hanging Leg Raise", "Reverse Crunch", "Plank", "Ab Wheel Rollout"]'::jsonb, 'Brace your abs before moving. | Keep lower back controlled. | Do not rush reps.'),
  ((SELECT id FROM fixed_split_days WHERE fixed_split_id='pull_push_legs_upper_4day_male' AND day_number=1), 1, (SELECT id FROM exercises WHERE name_en='Reverse Pec Deck'), '6-10', '["Cable Rear Delt Fly", "Dumbbell Rear Delt Fly", "Face Pull", "Band Face Pull", "Band Pull-Apart"]'::jsonb, 'Keep shoulders down. | Open arms with control. | Do not let traps take over.'),
  ((SELECT id FROM fixed_split_days WHERE fixed_split_id='pull_push_legs_upper_4day_male' AND day_number=1), 2, (SELECT id FROM exercises WHERE name_en='Lat Pulldown'), '6-10', '["Close-Grip Lat Pulldown", "Assisted Pull-Up", "Pull-Up"]'::jsonb, 'Pull elbows down toward your ribs. | Keep chest up and shoulders away from ears. | Control the stretch at the top.'),
  ((SELECT id FROM fixed_split_days WHERE fixed_split_id='pull_push_legs_upper_4day_male' AND day_number=1), 3, (SELECT id FROM exercises WHERE name_en='Chest-Supported Row'), '6-10', '[]'::jsonb, 'Use controlled technique. | Avoid pain and ego lifting. | Progress slowly week by week.'),
  ((SELECT id FROM fixed_split_days WHERE fixed_split_id='pull_push_legs_upper_4day_male' AND day_number=1), 4, (SELECT id FROM exercises WHERE name_en='Machine Row'), '6-10', '["T-Bar Row", "Bent-Over Barbell Row", "Band Row"]'::jsonb, 'Keep your spine neutral. | Pull elbows back with control. | Avoid using lower-back momentum.'),
  ((SELECT id FROM fixed_split_days WHERE fixed_split_id='pull_push_legs_upper_4day_male' AND day_number=1), 5, (SELECT id FROM exercises WHERE name_en='EZ-Bar Curl'), '10-15', '["Barbell Curl", "Dumbbell Curl", "Cable Curl", "Chin-Up"]'::jsonb, 'Keep elbows fixed. | Use clean reps, not swinging. | Control the negative.'),
  ((SELECT id FROM fixed_split_days WHERE fixed_split_id='pull_push_legs_upper_4day_male' AND day_number=1), 6, (SELECT id FROM exercises WHERE name_en='Incline Dumbbell Curl'), '10-15', '["Bayesian Cable Curl", "Preacher Curl"]'::jsonb, 'Let the biceps stretch safely. | Keep shoulder stable. | Curl with control.'),
  ((SELECT id FROM fixed_split_days WHERE fixed_split_id='pull_push_legs_upper_4day_male' AND day_number=1), 7, (SELECT id FROM exercises WHERE name_en='Dumbbell Shrug'), '6-10', '["Machine Shrug", "Barbell Shrug", "Smith Machine Shrug"]'::jsonb, 'Lift shoulders straight up. | Pause briefly at the top. | Keep neck relaxed.'),
  ((SELECT id FROM fixed_split_days WHERE fixed_split_id='pull_push_legs_upper_4day_male' AND day_number=2), 1, (SELECT id FROM exercises WHERE name_en='Pec Deck'), '10-15', '["Cable Crossover", "Incline Cable Fly", "Dumbbell Fly", "Band Chest Fly"]'::jsonb, 'Keep shoulders down and chest open. | Use control and avoid swinging. | Stop the set when you stop feeling the chest.'),
  ((SELECT id FROM fixed_split_days WHERE fixed_split_id='pull_push_legs_upper_4day_male' AND day_number=2), 2, (SELECT id FROM exercises WHERE name_en='Incline Dumbbell Press'), '6-10', '["Incline Machine Press", "Smith Machine Incline Press", "Incline Barbell Press", "Incline Push-Up"]'::jsonb, 'Keep shoulder blades stable on the bench. | Lower the weight with control toward upper chest. | Push strongly without bouncing.'),
  ((SELECT id FROM fixed_split_days WHERE fixed_split_id='pull_push_legs_upper_4day_male' AND day_number=2), 3, (SELECT id FROM exercises WHERE name_en='Machine Chest Press'), '6-10', '["Dumbbell Bench Press", "Barbell Bench Press", "Push-Up"]'::jsonb, 'Keep feet stable and upper back tight. | Lower under control without bouncing. | Keep wrists stacked over elbows.'),
  ((SELECT id FROM fixed_split_days WHERE fixed_split_id='pull_push_legs_upper_4day_male' AND day_number=2), 4, (SELECT id FROM exercises WHERE name_en='Machine Shoulder Press'), '6-10', '["Machine Shoulder Press", "Dumbbell Shoulder Press", "Seated Barbell Press"]'::jsonb, 'Keep ribs down and core tight. | Press without arching lower back. | Lower with control.'),
  ((SELECT id FROM fixed_split_days WHERE fixed_split_id='pull_push_legs_upper_4day_male' AND day_number=2), 5, (SELECT id FROM exercises WHERE name_en='Cable Lateral Raise'), '10-15', '["Machine Lateral Raise", "Dumbbell Lateral Raise", "Band Lateral Raise"]'::jsonb, 'Lead with elbows. | Use light controlled weight. | Do not shrug.'),
  ((SELECT id FROM fixed_split_days WHERE fixed_split_id='pull_push_legs_upper_4day_male' AND day_number=2), 6, (SELECT id FROM exercises WHERE name_en='Close-Grip Bench Press'), '6-10', '["Smith Machine Close-Grip Bench Press", "Parallel Bar Dip", "Bench Dip"]'::jsonb, 'Keep elbows controlled. | Push hard without wrist collapse. | Avoid bouncing reps.'),
  ((SELECT id FROM fixed_split_days WHERE fixed_split_id='pull_push_legs_upper_4day_male' AND day_number=2), 7, (SELECT id FROM exercises WHERE name_en='Cable Overhead Triceps Extension'), '10-15', '["Dumbbell Overhead Triceps Extension", "EZ-Bar Overhead Triceps Extension", "Band Overhead Triceps Extension"]'::jsonb, 'Keep elbows pointing forward. | Feel the long head stretch. | Do not flare elbows too much.'),
  ((SELECT id FROM fixed_split_days WHERE fixed_split_id='pull_push_legs_upper_4day_male' AND day_number=3), 1, (SELECT id FROM exercises WHERE name_en='Standing Calf Raise'), '12-20', '["Seated Calf Raise", "Leg Press Calf Raise", "Single-Leg Calf Raise", "Bodyweight Calf Raise"]'::jsonb, 'Use full range. | Pause at the top. | Do not bounce.'),
  ((SELECT id FROM fixed_split_days WHERE fixed_split_id='pull_push_legs_upper_4day_male' AND day_number=3), 2, (SELECT id FROM exercises WHERE name_en='Back Squat'), '6-10', '["Hack Squat", "Smith Machine Squat", "Goblet Squat", "Front Squat", "Bodyweight Squat"]'::jsonb, 'Brace your core before each rep. | Keep knees tracking with toes. | Control depth and stand up strong.'),
  ((SELECT id FROM fixed_split_days WHERE fixed_split_id='pull_push_legs_upper_4day_male' AND day_number=3), 3, (SELECT id FROM exercises WHERE name_en='Seated Leg Curl'), '10-15', '["Standing Single-Leg Curl", "Lying Leg Curl", "Band Hamstring Curl"]'::jsonb, 'Keep hips stable. | Curl smoothly and squeeze hamstrings. | Lower the weight slowly.'),
  ((SELECT id FROM fixed_split_days WHERE fixed_split_id='pull_push_legs_upper_4day_male' AND day_number=3), 4, (SELECT id FROM exercises WHERE name_en='Leg Extension'), '10-15', '["Single-Leg Extension", "Band Leg Extension"]'::jsonb, 'Keep back against the seat. | Lift with quads, not momentum. | Squeeze at the top.'),
  ((SELECT id FROM fixed_split_days WHERE fixed_split_id='pull_push_legs_upper_4day_male' AND day_number=3), 5, (SELECT id FROM exercises WHERE name_en='Leg Press'), '6-10', '["Single-Leg Leg Press", "Horizontal Leg Press"]'::jsonb, 'Keep lower back on the pad. | Do not lock knees aggressively. | Control the depth.'),
  ((SELECT id FROM fixed_split_days WHERE fixed_split_id='pull_push_legs_upper_4day_male' AND day_number=3), 6, (SELECT id FROM exercises WHERE name_en='Hip Abduction Machine'), '10-15', '["Cable Hip Abduction", "Banded Lateral Walk", "Side-Lying Hip Abduction"]'::jsonb, 'Use controlled technique. | Avoid pain and ego lifting. | Progress slowly week by week.'),
  ((SELECT id FROM fixed_split_days WHERE fixed_split_id='pull_push_legs_upper_4day_male' AND day_number=3), 7, (SELECT id FROM exercises WHERE name_en='Cable Kickback'), '10-15', '["Machine Glute Kickback", "Banded Glute Kickback", "Bodyweight Glute Kickback"]'::jsonb, 'Move from the hip. | Squeeze glutes at the top. | Use control instead of momentum.'),
  ((SELECT id FROM fixed_split_days WHERE fixed_split_id='pull_push_legs_upper_4day_male' AND day_number=4), 1, (SELECT id FROM exercises WHERE name_en='Pec Deck'), '10-15', '["Cable Crossover", "Incline Cable Fly", "Dumbbell Fly", "Band Chest Fly"]'::jsonb, 'Keep shoulders down and chest open. | Use control and avoid swinging. | Stop the set when you stop feeling the chest.'),
  ((SELECT id FROM fixed_split_days WHERE fixed_split_id='pull_push_legs_upper_4day_male' AND day_number=4), 2, (SELECT id FROM exercises WHERE name_en='Incline Dumbbell Press'), '6-10', '["Incline Machine Press", "Smith Machine Incline Press", "Incline Barbell Press", "Incline Push-Up"]'::jsonb, 'Keep shoulder blades stable on the bench. | Lower the weight with control toward upper chest. | Push strongly without bouncing.'),
  ((SELECT id FROM fixed_split_days WHERE fixed_split_id='pull_push_legs_upper_4day_male' AND day_number=4), 3, (SELECT id FROM exercises WHERE name_en='Lat Pulldown'), '6-10', '["Close-Grip Lat Pulldown", "Assisted Pull-Up", "Pull-Up"]'::jsonb, 'Pull elbows down toward your ribs. | Keep chest up and shoulders away from ears. | Control the stretch at the top.'),
  ((SELECT id FROM fixed_split_days WHERE fixed_split_id='pull_push_legs_upper_4day_male' AND day_number=4), 4, (SELECT id FROM exercises WHERE name_en='Machine Row'), '6-10', '["T-Bar Row", "Bent-Over Barbell Row", "Band Row"]'::jsonb, 'Keep your spine neutral. | Pull elbows back with control. | Avoid using lower-back momentum.'),
  ((SELECT id FROM fixed_split_days WHERE fixed_split_id='pull_push_legs_upper_4day_male' AND day_number=4), 5, (SELECT id FROM exercises WHERE name_en='Reverse Pec Deck'), '6-10', '["Cable Rear Delt Fly", "Dumbbell Rear Delt Fly", "Face Pull", "Band Face Pull", "Band Pull-Apart"]'::jsonb, 'Keep shoulders down. | Open arms with control. | Do not let traps take over.'),
  ((SELECT id FROM fixed_split_days WHERE fixed_split_id='pull_push_legs_upper_4day_male' AND day_number=4), 6, (SELECT id FROM exercises WHERE name_en='EZ-Bar Curl'), '10-15', '["Barbell Curl", "Dumbbell Curl", "Cable Curl", "Chin-Up"]'::jsonb, 'Keep elbows fixed. | Use clean reps, not swinging. | Control the negative.'),
  ((SELECT id FROM fixed_split_days WHERE fixed_split_id='pull_push_legs_upper_4day_male' AND day_number=4), 7, (SELECT id FROM exercises WHERE name_en='Rope Pushdown'), '6-10', '["Cable Triceps Pushdown", "Single-Arm Cable Triceps Pushdown", "Skull Crusher", "Diamond Push-Up", "Band Triceps Pushdown"]'::jsonb, 'Keep elbows stable. | Extend fully without aggressive locking. | Control the return.'),
  ((SELECT id FROM fixed_split_days WHERE fixed_split_id='pull_push_legs_upper_lower_5day_male' AND day_number=1), 1, (SELECT id FROM exercises WHERE name_en='Reverse Pec Deck'), '6-10', '["Cable Rear Delt Fly", "Dumbbell Rear Delt Fly", "Face Pull", "Band Face Pull", "Band Pull-Apart"]'::jsonb, 'Keep shoulders down. | Open arms with control. | Do not let traps take over.'),
  ((SELECT id FROM fixed_split_days WHERE fixed_split_id='pull_push_legs_upper_lower_5day_male' AND day_number=1), 2, (SELECT id FROM exercises WHERE name_en='Lat Pulldown'), '6-10', '["Close-Grip Lat Pulldown", "Assisted Pull-Up", "Pull-Up"]'::jsonb, 'Pull elbows down toward your ribs. | Keep chest up and shoulders away from ears. | Control the stretch at the top.'),
  ((SELECT id FROM fixed_split_days WHERE fixed_split_id='pull_push_legs_upper_lower_5day_male' AND day_number=1), 3, (SELECT id FROM exercises WHERE name_en='Single-Arm Cable Row'), '6-10', '["Chest-Supported Dumbbell Row", "Dumbbell Row", "Seated Cable Row"]'::jsonb, 'Use controlled technique. | Avoid pain and ego lifting. | Progress slowly week by week.'),
  ((SELECT id FROM fixed_split_days WHERE fixed_split_id='pull_push_legs_upper_lower_5day_male' AND day_number=1), 4, (SELECT id FROM exercises WHERE name_en='Machine Row'), '6-10', '["T-Bar Row", "Bent-Over Barbell Row", "Band Row"]'::jsonb, 'Keep your spine neutral. | Pull elbows back with control. | Avoid using lower-back momentum.'),
  ((SELECT id FROM fixed_split_days WHERE fixed_split_id='pull_push_legs_upper_lower_5day_male' AND day_number=1), 5, (SELECT id FROM exercises WHERE name_en='EZ-Bar Curl'), '10-15', '["Barbell Curl", "Dumbbell Curl", "Cable Curl", "Chin-Up"]'::jsonb, 'Keep elbows fixed. | Use clean reps, not swinging. | Control the negative.'),
  ((SELECT id FROM fixed_split_days WHERE fixed_split_id='pull_push_legs_upper_lower_5day_male' AND day_number=1), 6, (SELECT id FROM exercises WHERE name_en='Incline Dumbbell Curl'), '10-15', '["Bayesian Cable Curl", "Preacher Curl"]'::jsonb, 'Let the biceps stretch safely. | Keep shoulder stable. | Curl with control.'),
  ((SELECT id FROM fixed_split_days WHERE fixed_split_id='pull_push_legs_upper_lower_5day_male' AND day_number=1), 7, (SELECT id FROM exercises WHERE name_en='Dumbbell Shrug'), '6-10', '["Machine Shrug", "Barbell Shrug", "Smith Machine Shrug"]'::jsonb, 'Lift shoulders straight up. | Pause briefly at the top. | Keep neck relaxed.'),
  ((SELECT id FROM fixed_split_days WHERE fixed_split_id='pull_push_legs_upper_lower_5day_male' AND day_number=2), 1, (SELECT id FROM exercises WHERE name_en='Pec Deck'), '10-15', '["Cable Crossover", "Incline Cable Fly", "Dumbbell Fly", "Band Chest Fly"]'::jsonb, 'Keep shoulders down and chest open. | Use control and avoid swinging. | Stop the set when you stop feeling the chest.'),
  ((SELECT id FROM fixed_split_days WHERE fixed_split_id='pull_push_legs_upper_lower_5day_male' AND day_number=2), 2, (SELECT id FROM exercises WHERE name_en='Incline Dumbbell Press'), '6-10', '["Incline Machine Press", "Smith Machine Incline Press", "Incline Barbell Press", "Incline Push-Up"]'::jsonb, 'Keep shoulder blades stable on the bench. | Lower the weight with control toward upper chest. | Push strongly without bouncing.'),
  ((SELECT id FROM fixed_split_days WHERE fixed_split_id='pull_push_legs_upper_lower_5day_male' AND day_number=2), 3, (SELECT id FROM exercises WHERE name_en='Machine Chest Press'), '6-10', '["Dumbbell Bench Press", "Barbell Bench Press", "Push-Up"]'::jsonb, 'Keep feet stable and upper back tight. | Lower under control without bouncing. | Keep wrists stacked over elbows.'),
  ((SELECT id FROM fixed_split_days WHERE fixed_split_id='pull_push_legs_upper_lower_5day_male' AND day_number=2), 4, (SELECT id FROM exercises WHERE name_en='Machine Shoulder Press'), '6-10', '["Machine Shoulder Press", "Dumbbell Shoulder Press", "Seated Barbell Press"]'::jsonb, 'Keep ribs down and core tight. | Press without arching lower back. | Lower with control.'),
  ((SELECT id FROM fixed_split_days WHERE fixed_split_id='pull_push_legs_upper_lower_5day_male' AND day_number=2), 5, (SELECT id FROM exercises WHERE name_en='Cable Lateral Raise'), '10-15', '["Machine Lateral Raise", "Dumbbell Lateral Raise", "Band Lateral Raise"]'::jsonb, 'Lead with elbows. | Use light controlled weight. | Do not shrug.'),
  ((SELECT id FROM fixed_split_days WHERE fixed_split_id='pull_push_legs_upper_lower_5day_male' AND day_number=2), 6, (SELECT id FROM exercises WHERE name_en='Close-Grip Bench Press'), '6-10', '["Smith Machine Close-Grip Bench Press", "Parallel Bar Dip", "Bench Dip"]'::jsonb, 'Keep elbows controlled. | Push hard without wrist collapse. | Avoid bouncing reps.'),
  ((SELECT id FROM fixed_split_days WHERE fixed_split_id='pull_push_legs_upper_lower_5day_male' AND day_number=2), 7, (SELECT id FROM exercises WHERE name_en='Cable Overhead Triceps Extension'), '10-15', '["Dumbbell Overhead Triceps Extension", "EZ-Bar Overhead Triceps Extension", "Band Overhead Triceps Extension"]'::jsonb, 'Keep elbows pointing forward. | Feel the long head stretch. | Do not flare elbows too much.'),
  ((SELECT id FROM fixed_split_days WHERE fixed_split_id='pull_push_legs_upper_lower_5day_male' AND day_number=3), 1, (SELECT id FROM exercises WHERE name_en='Standing Calf Raise'), '12-20', '["Seated Calf Raise", "Leg Press Calf Raise", "Single-Leg Calf Raise", "Bodyweight Calf Raise"]'::jsonb, 'Use full range. | Pause at the top. | Do not bounce.'),
  ((SELECT id FROM fixed_split_days WHERE fixed_split_id='pull_push_legs_upper_lower_5day_male' AND day_number=3), 2, (SELECT id FROM exercises WHERE name_en='Back Squat'), '6-10', '["Hack Squat", "Smith Machine Squat", "Goblet Squat", "Front Squat", "Bodyweight Squat"]'::jsonb, 'Brace your core before each rep. | Keep knees tracking with toes. | Control depth and stand up strong.'),
  ((SELECT id FROM fixed_split_days WHERE fixed_split_id='pull_push_legs_upper_lower_5day_male' AND day_number=3), 3, (SELECT id FROM exercises WHERE name_en='Seated Leg Curl'), '10-15', '["Standing Single-Leg Curl", "Lying Leg Curl", "Band Hamstring Curl"]'::jsonb, 'Keep hips stable. | Curl smoothly and squeeze hamstrings. | Lower the weight slowly.'),
  ((SELECT id FROM fixed_split_days WHERE fixed_split_id='pull_push_legs_upper_lower_5day_male' AND day_number=3), 4, (SELECT id FROM exercises WHERE name_en='Leg Extension'), '10-15', '["Single-Leg Extension", "Band Leg Extension"]'::jsonb, 'Keep back against the seat. | Lift with quads, not momentum. | Squeeze at the top.'),
  ((SELECT id FROM fixed_split_days WHERE fixed_split_id='pull_push_legs_upper_lower_5day_male' AND day_number=3), 5, (SELECT id FROM exercises WHERE name_en='Leg Press'), '6-10', '["Single-Leg Leg Press", "Horizontal Leg Press"]'::jsonb, 'Keep lower back on the pad. | Do not lock knees aggressively. | Control the depth.'),
  ((SELECT id FROM fixed_split_days WHERE fixed_split_id='pull_push_legs_upper_lower_5day_male' AND day_number=3), 6, (SELECT id FROM exercises WHERE name_en='Hip Abduction Machine'), '10-15', '["Cable Hip Abduction", "Banded Lateral Walk", "Side-Lying Hip Abduction"]'::jsonb, 'Use controlled technique. | Avoid pain and ego lifting. | Progress slowly week by week.'),
  ((SELECT id FROM fixed_split_days WHERE fixed_split_id='pull_push_legs_upper_lower_5day_male' AND day_number=3), 7, (SELECT id FROM exercises WHERE name_en='Cable Kickback'), '10-15', '["Machine Glute Kickback", "Banded Glute Kickback", "Bodyweight Glute Kickback"]'::jsonb, 'Move from the hip. | Squeeze glutes at the top. | Use control instead of momentum.'),
  ((SELECT id FROM fixed_split_days WHERE fixed_split_id='pull_push_legs_upper_lower_5day_male' AND day_number=4), 1, (SELECT id FROM exercises WHERE name_en='Pec Deck'), '10-15', '["Cable Crossover", "Incline Cable Fly", "Dumbbell Fly", "Band Chest Fly"]'::jsonb, 'Keep shoulders down and chest open. | Use control and avoid swinging. | Stop the set when you stop feeling the chest.'),
  ((SELECT id FROM fixed_split_days WHERE fixed_split_id='pull_push_legs_upper_lower_5day_male' AND day_number=4), 2, (SELECT id FROM exercises WHERE name_en='Incline Dumbbell Press'), '6-10', '["Incline Machine Press", "Smith Machine Incline Press", "Incline Barbell Press", "Incline Push-Up"]'::jsonb, 'Keep shoulder blades stable on the bench. | Lower the weight with control toward upper chest. | Push strongly without bouncing.'),
  ((SELECT id FROM fixed_split_days WHERE fixed_split_id='pull_push_legs_upper_lower_5day_male' AND day_number=4), 3, (SELECT id FROM exercises WHERE name_en='Lat Pulldown'), '6-10', '["Close-Grip Lat Pulldown", "Assisted Pull-Up", "Pull-Up"]'::jsonb, 'Pull elbows down toward your ribs. | Keep chest up and shoulders away from ears. | Control the stretch at the top.'),
  ((SELECT id FROM fixed_split_days WHERE fixed_split_id='pull_push_legs_upper_lower_5day_male' AND day_number=4), 4, (SELECT id FROM exercises WHERE name_en='Machine Row'), '6-10', '["T-Bar Row", "Bent-Over Barbell Row", "Band Row"]'::jsonb, 'Keep your spine neutral. | Pull elbows back with control. | Avoid using lower-back momentum.'),
  ((SELECT id FROM fixed_split_days WHERE fixed_split_id='pull_push_legs_upper_lower_5day_male' AND day_number=4), 5, (SELECT id FROM exercises WHERE name_en='Reverse Pec Deck'), '6-10', '["Cable Rear Delt Fly", "Dumbbell Rear Delt Fly", "Face Pull", "Band Face Pull", "Band Pull-Apart"]'::jsonb, 'Keep shoulders down. | Open arms with control. | Do not let traps take over.'),
  ((SELECT id FROM fixed_split_days WHERE fixed_split_id='pull_push_legs_upper_lower_5day_male' AND day_number=4), 6, (SELECT id FROM exercises WHERE name_en='EZ-Bar Curl'), '10-15', '["Barbell Curl", "Dumbbell Curl", "Cable Curl", "Chin-Up"]'::jsonb, 'Keep elbows fixed. | Use clean reps, not swinging. | Control the negative.'),
  ((SELECT id FROM fixed_split_days WHERE fixed_split_id='pull_push_legs_upper_lower_5day_male' AND day_number=4), 7, (SELECT id FROM exercises WHERE name_en='Rope Pushdown'), '6-10', '["Cable Triceps Pushdown", "Single-Arm Cable Triceps Pushdown", "Skull Crusher", "Diamond Push-Up", "Band Triceps Pushdown"]'::jsonb, 'Keep elbows stable. | Extend fully without aggressive locking. | Control the return.'),
  ((SELECT id FROM fixed_split_days WHERE fixed_split_id='pull_push_legs_upper_lower_5day_male' AND day_number=5), 1, (SELECT id FROM exercises WHERE name_en='Back Squat'), '6-10', '["Hack Squat", "Smith Machine Squat", "Goblet Squat", "Front Squat", "Bodyweight Squat"]'::jsonb, 'Brace your core before each rep. | Keep knees tracking with toes. | Control depth and stand up strong.'),
  ((SELECT id FROM fixed_split_days WHERE fixed_split_id='pull_push_legs_upper_lower_5day_male' AND day_number=5), 2, (SELECT id FROM exercises WHERE name_en='Seated Leg Curl'), '10-15', '["Standing Single-Leg Curl", "Lying Leg Curl", "Band Hamstring Curl"]'::jsonb, 'Keep hips stable. | Curl smoothly and squeeze hamstrings. | Lower the weight slowly.'),
  ((SELECT id FROM fixed_split_days WHERE fixed_split_id='pull_push_legs_upper_lower_5day_male' AND day_number=5), 3, (SELECT id FROM exercises WHERE name_en='Leg Press'), '6-10', '["Single-Leg Leg Press", "Horizontal Leg Press"]'::jsonb, 'Keep lower back on the pad. | Do not lock knees aggressively. | Control the depth.'),
  ((SELECT id FROM fixed_split_days WHERE fixed_split_id='pull_push_legs_upper_lower_5day_male' AND day_number=5), 4, (SELECT id FROM exercises WHERE name_en='Leg Extension'), '10-15', '["Single-Leg Extension", "Band Leg Extension"]'::jsonb, 'Keep back against the seat. | Lift with quads, not momentum. | Squeeze at the top.'),
  ((SELECT id FROM fixed_split_days WHERE fixed_split_id='pull_push_legs_upper_lower_5day_male' AND day_number=5), 5, (SELECT id FROM exercises WHERE name_en='Hip Abduction Machine'), '10-15', '["Cable Hip Abduction", "Banded Lateral Walk", "Side-Lying Hip Abduction", "Cable Glute Kickback", "Machine Glute Kickback", "Banded Glute Kickback", "Bodyweight Glute Kickback"]'::jsonb, 'Use controlled technique. | Avoid pain and ego lifting. | Progress slowly week by week.'),
  ((SELECT id FROM fixed_split_days WHERE fixed_split_id='pull_push_legs_upper_lower_5day_male' AND day_number=5), 6, (SELECT id FROM exercises WHERE name_en='Standing Calf Raise'), '12-20', '["Seated Calf Raise", "Leg Press Calf Raise", "Single-Leg Calf Raise", "Bodyweight Calf Raise"]'::jsonb, 'Use full range. | Pause at the top. | Do not bounce.'),
  ((SELECT id FROM fixed_split_days WHERE fixed_split_id='pull_push_legs_upper_lower_5day_male' AND day_number=5), 7, (SELECT id FROM exercises WHERE name_en='Cable Crunch'), '12-20', '["Machine Crunch", "Hanging Leg Raise", "Reverse Crunch", "Plank", "Ab Wheel Rollout"]'::jsonb, 'Brace your abs before moving. | Keep lower back controlled. | Do not rush reps.'),
  ((SELECT id FROM fixed_split_days WHERE fixed_split_id='pull_legs_push_pull_legs_push_6day_male' AND day_number=1), 1, (SELECT id FROM exercises WHERE name_en='Reverse Pec Deck'), '6-10', '["Cable Rear Delt Fly", "Dumbbell Rear Delt Fly", "Face Pull", "Band Face Pull", "Band Pull-Apart"]'::jsonb, 'Keep shoulders down. | Open arms with control. | Do not let traps take over.'),
  ((SELECT id FROM fixed_split_days WHERE fixed_split_id='pull_legs_push_pull_legs_push_6day_male' AND day_number=1), 2, (SELECT id FROM exercises WHERE name_en='Lat Pulldown'), '6-10', '["Close-Grip Lat Pulldown", "Assisted Pull-Up", "Pull-Up"]'::jsonb, 'Pull elbows down toward your ribs. | Keep chest up and shoulders away from ears. | Control the stretch at the top.'),
  ((SELECT id FROM fixed_split_days WHERE fixed_split_id='pull_legs_push_pull_legs_push_6day_male' AND day_number=1), 3, (SELECT id FROM exercises WHERE name_en='Single-Arm Cable Row'), '6-10', '["Chest-Supported Dumbbell Row", "Dumbbell Row", "Seated Cable Row"]'::jsonb, 'Use controlled technique. | Avoid pain and ego lifting. | Progress slowly week by week.'),
  ((SELECT id FROM fixed_split_days WHERE fixed_split_id='pull_legs_push_pull_legs_push_6day_male' AND day_number=1), 4, (SELECT id FROM exercises WHERE name_en='Machine Row'), '6-10', '["T-Bar Row", "Bent-Over Barbell Row", "Band Row"]'::jsonb, 'Keep your spine neutral. | Pull elbows back with control. | Avoid using lower-back momentum.'),
  ((SELECT id FROM fixed_split_days WHERE fixed_split_id='pull_legs_push_pull_legs_push_6day_male' AND day_number=1), 5, (SELECT id FROM exercises WHERE name_en='EZ-Bar Curl'), '10-15', '["Barbell Curl", "Dumbbell Curl", "Cable Curl", "Chin-Up"]'::jsonb, 'Keep elbows fixed. | Use clean reps, not swinging. | Control the negative.'),
  ((SELECT id FROM fixed_split_days WHERE fixed_split_id='pull_legs_push_pull_legs_push_6day_male' AND day_number=1), 6, (SELECT id FROM exercises WHERE name_en='Incline Dumbbell Curl'), '10-15', '["Bayesian Cable Curl", "Preacher Curl"]'::jsonb, 'Let the biceps stretch safely. | Keep shoulder stable. | Curl with control.'),
  ((SELECT id FROM fixed_split_days WHERE fixed_split_id='pull_legs_push_pull_legs_push_6day_male' AND day_number=1), 7, (SELECT id FROM exercises WHERE name_en='Dumbbell Shrug'), '6-10', '["Machine Shrug", "Barbell Shrug", "Smith Machine Shrug"]'::jsonb, 'Lift shoulders straight up. | Pause briefly at the top. | Keep neck relaxed.'),
  ((SELECT id FROM fixed_split_days WHERE fixed_split_id='pull_legs_push_pull_legs_push_6day_male' AND day_number=2), 1, (SELECT id FROM exercises WHERE name_en='Standing Calf Raise'), '12-20', '["Seated Calf Raise", "Leg Press Calf Raise", "Single-Leg Calf Raise", "Bodyweight Calf Raise"]'::jsonb, 'Use full range. | Pause at the top. | Do not bounce.'),
  ((SELECT id FROM fixed_split_days WHERE fixed_split_id='pull_legs_push_pull_legs_push_6day_male' AND day_number=2), 2, (SELECT id FROM exercises WHERE name_en='Back Squat'), '6-10', '["Hack Squat", "Smith Machine Squat", "Goblet Squat", "Front Squat", "Bodyweight Squat"]'::jsonb, 'Brace your core before each rep. | Keep knees tracking with toes. | Control depth and stand up strong.'),
  ((SELECT id FROM fixed_split_days WHERE fixed_split_id='pull_legs_push_pull_legs_push_6day_male' AND day_number=2), 3, (SELECT id FROM exercises WHERE name_en='Seated Leg Curl'), '10-15', '["Standing Single-Leg Curl", "Lying Leg Curl", "Band Hamstring Curl"]'::jsonb, 'Keep hips stable. | Curl smoothly and squeeze hamstrings. | Lower the weight slowly.'),
  ((SELECT id FROM fixed_split_days WHERE fixed_split_id='pull_legs_push_pull_legs_push_6day_male' AND day_number=2), 4, (SELECT id FROM exercises WHERE name_en='Leg Extension'), '10-15', '["Single-Leg Extension", "Band Leg Extension"]'::jsonb, 'Keep back against the seat. | Lift with quads, not momentum. | Squeeze at the top.'),
  ((SELECT id FROM fixed_split_days WHERE fixed_split_id='pull_legs_push_pull_legs_push_6day_male' AND day_number=2), 5, (SELECT id FROM exercises WHERE name_en='Leg Press'), '6-10', '["Single-Leg Leg Press", "Horizontal Leg Press"]'::jsonb, 'Keep lower back on the pad. | Do not lock knees aggressively. | Control the depth.'),
  ((SELECT id FROM fixed_split_days WHERE fixed_split_id='pull_legs_push_pull_legs_push_6day_male' AND day_number=2), 6, (SELECT id FROM exercises WHERE name_en='Hip Abduction Machine'), '10-15', '["Cable Hip Abduction", "Banded Lateral Walk", "Side-Lying Hip Abduction"]'::jsonb, 'Use controlled technique. | Avoid pain and ego lifting. | Progress slowly week by week.'),
  ((SELECT id FROM fixed_split_days WHERE fixed_split_id='pull_legs_push_pull_legs_push_6day_male' AND day_number=2), 7, (SELECT id FROM exercises WHERE name_en='Cable Kickback'), '10-15', '["Machine Glute Kickback", "Banded Glute Kickback", "Bodyweight Glute Kickback"]'::jsonb, 'Move from the hip. | Squeeze glutes at the top. | Use control instead of momentum.'),
  ((SELECT id FROM fixed_split_days WHERE fixed_split_id='pull_legs_push_pull_legs_push_6day_male' AND day_number=3), 1, (SELECT id FROM exercises WHERE name_en='Pec Deck'), '10-15', '["Cable Crossover", "Incline Cable Fly", "Dumbbell Fly", "Band Chest Fly"]'::jsonb, 'Keep shoulders down and chest open. | Use control and avoid swinging. | Stop the set when you stop feeling the chest.'),
  ((SELECT id FROM fixed_split_days WHERE fixed_split_id='pull_legs_push_pull_legs_push_6day_male' AND day_number=3), 2, (SELECT id FROM exercises WHERE name_en='Incline Dumbbell Press'), '6-10', '["Incline Machine Press", "Smith Machine Incline Press", "Incline Barbell Press", "Incline Push-Up"]'::jsonb, 'Keep shoulder blades stable on the bench. | Lower the weight with control toward upper chest. | Push strongly without bouncing.'),
  ((SELECT id FROM fixed_split_days WHERE fixed_split_id='pull_legs_push_pull_legs_push_6day_male' AND day_number=3), 3, (SELECT id FROM exercises WHERE name_en='Machine Chest Press'), '6-10', '["Dumbbell Bench Press", "Barbell Bench Press", "Push-Up"]'::jsonb, 'Keep feet stable and upper back tight. | Lower under control without bouncing. | Keep wrists stacked over elbows.'),
  ((SELECT id FROM fixed_split_days WHERE fixed_split_id='pull_legs_push_pull_legs_push_6day_male' AND day_number=3), 4, (SELECT id FROM exercises WHERE name_en='Machine Shoulder Press'), '6-10', '["Machine Shoulder Press", "Dumbbell Shoulder Press", "Seated Barbell Press"]'::jsonb, 'Keep ribs down and core tight. | Press without arching lower back. | Lower with control.'),
  ((SELECT id FROM fixed_split_days WHERE fixed_split_id='pull_legs_push_pull_legs_push_6day_male' AND day_number=3), 5, (SELECT id FROM exercises WHERE name_en='Cable Lateral Raise'), '10-15', '["Machine Lateral Raise", "Dumbbell Lateral Raise", "Band Lateral Raise"]'::jsonb, 'Lead with elbows. | Use light controlled weight. | Do not shrug.'),
  ((SELECT id FROM fixed_split_days WHERE fixed_split_id='pull_legs_push_pull_legs_push_6day_male' AND day_number=3), 6, (SELECT id FROM exercises WHERE name_en='Close-Grip Bench Press'), '6-10', '["Smith Machine Close-Grip Bench Press", "Parallel Bar Dip", "Bench Dip"]'::jsonb, 'Keep elbows controlled. | Push hard without wrist collapse. | Avoid bouncing reps.'),
  ((SELECT id FROM fixed_split_days WHERE fixed_split_id='pull_legs_push_pull_legs_push_6day_male' AND day_number=3), 7, (SELECT id FROM exercises WHERE name_en='Cable Overhead Triceps Extension'), '10-15', '["Dumbbell Overhead Triceps Extension", "EZ-Bar Overhead Triceps Extension", "Band Overhead Triceps Extension"]'::jsonb, 'Keep elbows pointing forward. | Feel the long head stretch. | Do not flare elbows too much.'),
  ((SELECT id FROM fixed_split_days WHERE fixed_split_id='pull_legs_push_pull_legs_push_6day_male' AND day_number=4), 1, (SELECT id FROM exercises WHERE name_en='Reverse Pec Deck'), '6-10', '["Cable Rear Delt Fly", "Dumbbell Rear Delt Fly", "Face Pull", "Band Face Pull", "Band Pull-Apart"]'::jsonb, 'Keep shoulders down. | Open arms with control. | Do not let traps take over.'),
  ((SELECT id FROM fixed_split_days WHERE fixed_split_id='pull_legs_push_pull_legs_push_6day_male' AND day_number=4), 2, (SELECT id FROM exercises WHERE name_en='Chest-Supported Row'), '6-10', '[]'::jsonb, 'Use controlled technique. | Avoid pain and ego lifting. | Progress slowly week by week.'),
  ((SELECT id FROM fixed_split_days WHERE fixed_split_id='pull_legs_push_pull_legs_push_6day_male' AND day_number=4), 3, (SELECT id FROM exercises WHERE name_en='Lat Pulldown'), '6-10', '["Close-Grip Lat Pulldown", "Assisted Pull-Up", "Pull-Up"]'::jsonb, 'Pull elbows down toward your ribs. | Keep chest up and shoulders away from ears. | Control the stretch at the top.'),
  ((SELECT id FROM fixed_split_days WHERE fixed_split_id='pull_legs_push_pull_legs_push_6day_male' AND day_number=4), 4, (SELECT id FROM exercises WHERE name_en='Machine Row'), '6-10', '["T-Bar Row", "Bent-Over Barbell Row", "Band Row"]'::jsonb, 'Keep your spine neutral. | Pull elbows back with control. | Avoid using lower-back momentum.'),
  ((SELECT id FROM fixed_split_days WHERE fixed_split_id='pull_legs_push_pull_legs_push_6day_male' AND day_number=4), 5, (SELECT id FROM exercises WHERE name_en='EZ-Bar Curl'), '10-15', '["Barbell Curl", "Dumbbell Curl", "Cable Curl", "Chin-Up"]'::jsonb, 'Keep elbows fixed. | Use clean reps, not swinging. | Control the negative.'),
  ((SELECT id FROM fixed_split_days WHERE fixed_split_id='pull_legs_push_pull_legs_push_6day_male' AND day_number=4), 6, (SELECT id FROM exercises WHERE name_en='Incline Dumbbell Curl'), '10-15', '["Bayesian Cable Curl", "Preacher Curl"]'::jsonb, 'Let the biceps stretch safely. | Keep shoulder stable. | Curl with control.'),
  ((SELECT id FROM fixed_split_days WHERE fixed_split_id='pull_legs_push_pull_legs_push_6day_male' AND day_number=4), 7, (SELECT id FROM exercises WHERE name_en='Dumbbell Shrug'), '6-10', '["Machine Shrug", "Barbell Shrug", "Smith Machine Shrug"]'::jsonb, 'Lift shoulders straight up. | Pause briefly at the top. | Keep neck relaxed.'),
  ((SELECT id FROM fixed_split_days WHERE fixed_split_id='pull_legs_push_pull_legs_push_6day_male' AND day_number=5), 1, (SELECT id FROM exercises WHERE name_en='Standing Calf Raise'), '12-20', '["Seated Calf Raise", "Leg Press Calf Raise", "Single-Leg Calf Raise", "Bodyweight Calf Raise"]'::jsonb, 'Use full range. | Pause at the top. | Do not bounce.'),
  ((SELECT id FROM fixed_split_days WHERE fixed_split_id='pull_legs_push_pull_legs_push_6day_male' AND day_number=5), 2, (SELECT id FROM exercises WHERE name_en='Leg Press'), '6-10', '["Single-Leg Leg Press", "Horizontal Leg Press", "Bulgarian Split Squat", "Smith Machine Bulgarian Split Squat", "Dumbbell Walking Lunge", "Step-Up"]'::jsonb, 'Keep lower back on the pad. | Do not lock knees aggressively. | Control the depth.'),
  ((SELECT id FROM fixed_split_days WHERE fixed_split_id='pull_legs_push_pull_legs_push_6day_male' AND day_number=5), 3, (SELECT id FROM exercises WHERE name_en='Seated Leg Curl'), '10-15', '["Standing Single-Leg Curl", "Lying Leg Curl", "Band Hamstring Curl"]'::jsonb, 'Keep hips stable. | Curl smoothly and squeeze hamstrings. | Lower the weight slowly.'),
  ((SELECT id FROM fixed_split_days WHERE fixed_split_id='pull_legs_push_pull_legs_push_6day_male' AND day_number=5), 4, (SELECT id FROM exercises WHERE name_en='Leg Extension'), '10-15', '["Single-Leg Extension", "Band Leg Extension"]'::jsonb, 'Keep back against the seat. | Lift with quads, not momentum. | Squeeze at the top.'),
  ((SELECT id FROM fixed_split_days WHERE fixed_split_id='pull_legs_push_pull_legs_push_6day_male' AND day_number=5), 5, (SELECT id FROM exercises WHERE name_en='Back Squat'), '6-10', '["Hack Squat", "Smith Machine Squat", "Goblet Squat", "Front Squat", "Bodyweight Squat"]'::jsonb, 'Brace your core before each rep. | Keep knees tracking with toes. | Control depth and stand up strong.'),
  ((SELECT id FROM fixed_split_days WHERE fixed_split_id='pull_legs_push_pull_legs_push_6day_male' AND day_number=5), 6, (SELECT id FROM exercises WHERE name_en='Hip Abduction Machine'), '10-15', '["Cable Hip Abduction", "Banded Lateral Walk", "Side-Lying Hip Abduction"]'::jsonb, 'Use controlled technique. | Avoid pain and ego lifting. | Progress slowly week by week.'),
  ((SELECT id FROM fixed_split_days WHERE fixed_split_id='pull_legs_push_pull_legs_push_6day_male' AND day_number=5), 7, (SELECT id FROM exercises WHERE name_en='Cable Kickback'), '10-15', '["Machine Glute Kickback", "Banded Glute Kickback", "Bodyweight Glute Kickback"]'::jsonb, 'Move from the hip. | Squeeze glutes at the top. | Use control instead of momentum.'),
  ((SELECT id FROM fixed_split_days WHERE fixed_split_id='pull_legs_push_pull_legs_push_6day_male' AND day_number=6), 1, (SELECT id FROM exercises WHERE name_en='Pec Deck'), '10-15', '["Cable Crossover", "Incline Cable Fly", "Dumbbell Fly", "Band Chest Fly"]'::jsonb, 'Keep shoulders down and chest open. | Use control and avoid swinging. | Stop the set when you stop feeling the chest.'),
  ((SELECT id FROM fixed_split_days WHERE fixed_split_id='pull_legs_push_pull_legs_push_6day_male' AND day_number=6), 2, (SELECT id FROM exercises WHERE name_en='Machine Shoulder Press'), '6-10', '["Machine Shoulder Press", "Dumbbell Shoulder Press", "Seated Barbell Press"]'::jsonb, 'Keep ribs down and core tight. | Press without arching lower back. | Lower with control.'),
  ((SELECT id FROM fixed_split_days WHERE fixed_split_id='pull_legs_push_pull_legs_push_6day_male' AND day_number=6), 3, (SELECT id FROM exercises WHERE name_en='Cable Lateral Raise'), '10-15', '["Machine Lateral Raise", "Dumbbell Lateral Raise", "Band Lateral Raise"]'::jsonb, 'Lead with elbows. | Use light controlled weight. | Do not shrug.'),
  ((SELECT id FROM fixed_split_days WHERE fixed_split_id='pull_legs_push_pull_legs_push_6day_male' AND day_number=6), 4, (SELECT id FROM exercises WHERE name_en='Incline Dumbbell Press'), '6-10', '["Incline Machine Press", "Smith Machine Incline Press", "Incline Barbell Press", "Incline Push-Up", "Machine Chest Press", "Dumbbell Bench Press", "Barbell Bench Press", "Push-Up"]'::jsonb, 'Keep shoulder blades stable on the bench. | Lower the weight with control toward upper chest. | Push strongly without bouncing.'),
  ((SELECT id FROM fixed_split_days WHERE fixed_split_id='pull_legs_push_pull_legs_push_6day_male' AND day_number=6), 5, (SELECT id FROM exercises WHERE name_en='Machine Chest Press'), '6-10', '["Dumbbell Bench Press", "Barbell Bench Press", "Push-Up"]'::jsonb, 'Keep feet stable and upper back tight. | Lower under control without bouncing. | Keep wrists stacked over elbows.'),
  ((SELECT id FROM fixed_split_days WHERE fixed_split_id='pull_legs_push_pull_legs_push_6day_male' AND day_number=6), 6, (SELECT id FROM exercises WHERE name_en='Close-Grip Bench Press'), '6-10', '["Smith Machine Close-Grip Bench Press", "Parallel Bar Dip", "Bench Dip"]'::jsonb, 'Keep elbows controlled. | Push hard without wrist collapse. | Avoid bouncing reps.'),
  ((SELECT id FROM fixed_split_days WHERE fixed_split_id='pull_legs_push_pull_legs_push_6day_male' AND day_number=6), 7, (SELECT id FROM exercises WHERE name_en='Cable Overhead Triceps Extension'), '10-15', '["Dumbbell Overhead Triceps Extension", "EZ-Bar Overhead Triceps Extension", "Band Overhead Triceps Extension"]'::jsonb, 'Keep elbows pointing forward. | Feel the long head stretch. | Do not flare elbows too much.'),
  ((SELECT id FROM fixed_split_days WHERE fixed_split_id='full_body_2day_female' AND day_number=1), 1, (SELECT id FROM exercises WHERE name_en='Back Squat'), '6-10', '["Hack Squat", "Smith Machine Squat", "Goblet Squat", "Front Squat", "Bodyweight Squat", "Leg Press", "Single-Leg Leg Press", "Horizontal Leg Press"]'::jsonb, 'Brace your core before each rep. | Keep knees tracking with toes. | Control depth and stand up strong.'),
  ((SELECT id FROM fixed_split_days WHERE fixed_split_id='full_body_2day_female' AND day_number=1), 2, (SELECT id FROM exercises WHERE name_en='Hip Thrust'), '6-10', '["Smith Machine Hip Thrust", "Machine Hip Thrust", "Glute Bridge", "Single-Leg Glute Bridge", "Banded Glute Bridge"]'::jsonb, 'Push through heels. | Squeeze glutes at the top. | Do not over-arch lower back.'),
  ((SELECT id FROM fixed_split_days WHERE fixed_split_id='full_body_2day_female' AND day_number=1), 3, (SELECT id FROM exercises WHERE name_en='Lat Pulldown'), '6-10', '["Close-Grip Lat Pulldown", "Assisted Pull-Up", "Pull-Up"]'::jsonb, 'Pull elbows down toward your ribs. | Keep chest up and shoulders away from ears. | Control the stretch at the top.'),
  ((SELECT id FROM fixed_split_days WHERE fixed_split_id='full_body_2day_female' AND day_number=1), 4, (SELECT id FROM exercises WHERE name_en='Single-Arm Cable Row'), '6-10', '["Chest-Supported Dumbbell Row", "Dumbbell Row", "Seated Cable Row"]'::jsonb, 'Use controlled technique. | Avoid pain and ego lifting. | Progress slowly week by week.'),
  ((SELECT id FROM fixed_split_days WHERE fixed_split_id='full_body_2day_female' AND day_number=1), 5, (SELECT id FROM exercises WHERE name_en='Pec Deck'), '10-15', '["Cable Crossover", "Incline Cable Fly", "Dumbbell Fly", "Band Chest Fly"]'::jsonb, 'Keep shoulders down and chest open. | Use control and avoid swinging. | Stop the set when you stop feeling the chest.'),
  ((SELECT id FROM fixed_split_days WHERE fixed_split_id='full_body_2day_female' AND day_number=1), 6, (SELECT id FROM exercises WHERE name_en='Reverse Pec Deck'), '6-10', '["Cable Rear Delt Fly", "Dumbbell Rear Delt Fly", "Face Pull", "Band Face Pull", "Band Pull-Apart"]'::jsonb, 'Keep shoulders down. | Open arms with control. | Do not let traps take over.'),
  ((SELECT id FROM fixed_split_days WHERE fixed_split_id='full_body_2day_female' AND day_number=1), 7, (SELECT id FROM exercises WHERE name_en='Side Plank'), '12-20', '["Bird Dog", "Pallof Press"]'::jsonb, 'Keep ribs down. | Breathe normally. | Stop if lower back arches.'),
  ((SELECT id FROM fixed_split_days WHERE fixed_split_id='full_body_2day_female' AND day_number=2), 1, (SELECT id FROM exercises WHERE name_en='Back Squat'), '6-10', '["Hack Squat", "Smith Machine Squat", "Goblet Squat", "Front Squat", "Bodyweight Squat", "Leg Press", "Single-Leg Leg Press", "Horizontal Leg Press"]'::jsonb, 'Brace your core before each rep. | Keep knees tracking with toes. | Control depth and stand up strong.'),
  ((SELECT id FROM fixed_split_days WHERE fixed_split_id='full_body_2day_female' AND day_number=2), 2, (SELECT id FROM exercises WHERE name_en='Hip Thrust'), '6-10', '["Smith Machine Hip Thrust", "Machine Hip Thrust", "Glute Bridge", "Single-Leg Glute Bridge", "Banded Glute Bridge"]'::jsonb, 'Push through heels. | Squeeze glutes at the top. | Do not over-arch lower back.'),
  ((SELECT id FROM fixed_split_days WHERE fixed_split_id='full_body_2day_female' AND day_number=2), 3, (SELECT id FROM exercises WHERE name_en='Lat Pulldown'), '6-10', '["Close-Grip Lat Pulldown", "Assisted Pull-Up", "Pull-Up"]'::jsonb, 'Pull elbows down toward your ribs. | Keep chest up and shoulders away from ears. | Control the stretch at the top.'),
  ((SELECT id FROM fixed_split_days WHERE fixed_split_id='full_body_2day_female' AND day_number=2), 4, (SELECT id FROM exercises WHERE name_en='Single-Arm Cable Row'), '6-10', '["Chest-Supported Dumbbell Row", "Dumbbell Row", "Seated Cable Row"]'::jsonb, 'Use controlled technique. | Avoid pain and ego lifting. | Progress slowly week by week.'),
  ((SELECT id FROM fixed_split_days WHERE fixed_split_id='full_body_2day_female' AND day_number=2), 5, (SELECT id FROM exercises WHERE name_en='Pec Deck'), '10-15', '["Cable Crossover", "Incline Cable Fly", "Dumbbell Fly", "Band Chest Fly"]'::jsonb, 'Keep shoulders down and chest open. | Use control and avoid swinging. | Stop the set when you stop feeling the chest.'),
  ((SELECT id FROM fixed_split_days WHERE fixed_split_id='full_body_2day_female' AND day_number=2), 6, (SELECT id FROM exercises WHERE name_en='Cable Lateral Raise'), '10-15', '["Machine Lateral Raise", "Dumbbell Lateral Raise", "Band Lateral Raise"]'::jsonb, 'Lead with elbows. | Use light controlled weight. | Do not shrug.'),
  ((SELECT id FROM fixed_split_days WHERE fixed_split_id='full_body_2day_female' AND day_number=2), 7, (SELECT id FROM exercises WHERE name_en='Rope Pushdown'), '6-10', '["Cable Triceps Pushdown", "Single-Arm Cable Triceps Pushdown", "Skull Crusher", "Diamond Push-Up", "Band Triceps Pushdown"]'::jsonb, 'Keep elbows stable. | Extend fully without aggressive locking. | Control the return.'),
  ((SELECT id FROM fixed_split_days WHERE fixed_split_id='upper_lower_fullbody_3day_female' AND day_number=1), 1, (SELECT id FROM exercises WHERE name_en='Pec Deck'), '10-15', '["Cable Crossover", "Incline Cable Fly", "Dumbbell Fly", "Band Chest Fly"]'::jsonb, 'Keep shoulders down and chest open. | Use control and avoid swinging. | Stop the set when you stop feeling the chest.'),
  ((SELECT id FROM fixed_split_days WHERE fixed_split_id='upper_lower_fullbody_3day_female' AND day_number=1), 2, (SELECT id FROM exercises WHERE name_en='Incline Dumbbell Press'), '6-10', '["Incline Machine Press", "Smith Machine Incline Press", "Incline Barbell Press", "Incline Push-Up"]'::jsonb, 'Keep shoulder blades stable on the bench. | Lower the weight with control toward upper chest. | Push strongly without bouncing.'),
  ((SELECT id FROM fixed_split_days WHERE fixed_split_id='upper_lower_fullbody_3day_female' AND day_number=1), 3, (SELECT id FROM exercises WHERE name_en='Lat Pulldown'), '6-10', '["Close-Grip Lat Pulldown", "Assisted Pull-Up", "Pull-Up"]'::jsonb, 'Pull elbows down toward your ribs. | Keep chest up and shoulders away from ears. | Control the stretch at the top.'),
  ((SELECT id FROM fixed_split_days WHERE fixed_split_id='upper_lower_fullbody_3day_female' AND day_number=1), 4, (SELECT id FROM exercises WHERE name_en='Single-Arm Cable Row'), '6-10', '["Chest-Supported Dumbbell Row", "Dumbbell Row", "Seated Cable Row"]'::jsonb, 'Use controlled technique. | Avoid pain and ego lifting. | Progress slowly week by week.'),
  ((SELECT id FROM fixed_split_days WHERE fixed_split_id='upper_lower_fullbody_3day_female' AND day_number=1), 5, (SELECT id FROM exercises WHERE name_en='Chest-Supported Row'), '6-10', '[]'::jsonb, 'Use controlled technique. | Avoid pain and ego lifting. | Progress slowly week by week.'),
  ((SELECT id FROM fixed_split_days WHERE fixed_split_id='upper_lower_fullbody_3day_female' AND day_number=1), 6, (SELECT id FROM exercises WHERE name_en='Cable Lateral Raise'), '10-15', '["Machine Lateral Raise", "Dumbbell Lateral Raise", "Band Lateral Raise"]'::jsonb, 'Lead with elbows. | Use light controlled weight. | Do not shrug.'),
  ((SELECT id FROM fixed_split_days WHERE fixed_split_id='upper_lower_fullbody_3day_female' AND day_number=1), 7, (SELECT id FROM exercises WHERE name_en='EZ-Bar Curl'), '10-15', '["Barbell Curl", "Dumbbell Curl", "Cable Curl", "Chin-Up"]'::jsonb, 'Keep elbows fixed. | Use clean reps, not swinging. | Control the negative.'),
  ((SELECT id FROM fixed_split_days WHERE fixed_split_id='upper_lower_fullbody_3day_female' AND day_number=2), 1, (SELECT id FROM exercises WHERE name_en='Hip Thrust'), '6-10', '["Smith Machine Hip Thrust", "Machine Hip Thrust", "Glute Bridge", "Single-Leg Glute Bridge", "Banded Glute Bridge"]'::jsonb, 'Push through heels. | Squeeze glutes at the top. | Do not over-arch lower back.'),
  ((SELECT id FROM fixed_split_days WHERE fixed_split_id='upper_lower_fullbody_3day_female' AND day_number=2), 2, (SELECT id FROM exercises WHERE name_en='Back Squat'), '6-10', '["Hack Squat", "Smith Machine Squat", "Goblet Squat", "Front Squat", "Bodyweight Squat", "Leg Press", "Single-Leg Leg Press", "Horizontal Leg Press"]'::jsonb, 'Brace your core before each rep. | Keep knees tracking with toes. | Control depth and stand up strong.'),
  ((SELECT id FROM fixed_split_days WHERE fixed_split_id='upper_lower_fullbody_3day_female' AND day_number=2), 3, (SELECT id FROM exercises WHERE name_en='Seated Leg Curl'), '10-15', '["Standing Single-Leg Curl", "Lying Leg Curl", "Band Hamstring Curl"]'::jsonb, 'Keep hips stable. | Curl smoothly and squeeze hamstrings. | Lower the weight slowly.'),
  ((SELECT id FROM fixed_split_days WHERE fixed_split_id='upper_lower_fullbody_3day_female' AND day_number=2), 4, (SELECT id FROM exercises WHERE name_en='Dumbbell RDL'), '6-10', '["Romanian Deadlift", "Smith Machine RDL", "Cable Pull-Through"]'::jsonb, 'Push hips back. | Keep knees slightly bent. | Feel hamstrings stretch without back pain.'),
  ((SELECT id FROM fixed_split_days WHERE fixed_split_id='upper_lower_fullbody_3day_female' AND day_number=2), 5, (SELECT id FROM exercises WHERE name_en='Hip Abduction Machine'), '10-15', '["Cable Hip Abduction", "Banded Lateral Walk", "Side-Lying Hip Abduction"]'::jsonb, 'Use controlled technique. | Avoid pain and ego lifting. | Progress slowly week by week.'),
  ((SELECT id FROM fixed_split_days WHERE fixed_split_id='upper_lower_fullbody_3day_female' AND day_number=2), 6, (SELECT id FROM exercises WHERE name_en='Cable Crunch'), '12-20', '["Machine Crunch", "Hanging Leg Raise", "Reverse Crunch", "Plank", "Ab Wheel Rollout"]'::jsonb, 'Brace your abs before moving. | Keep lower back controlled. | Do not rush reps.'),
  ((SELECT id FROM fixed_split_days WHERE fixed_split_id='upper_lower_fullbody_3day_female' AND day_number=2), 7, (SELECT id FROM exercises WHERE name_en='Standing Calf Raise'), '12-20', '["Seated Calf Raise", "Leg Press Calf Raise", "Single-Leg Calf Raise", "Bodyweight Calf Raise"]'::jsonb, 'Use full range. | Pause at the top. | Do not bounce.'),
  ((SELECT id FROM fixed_split_days WHERE fixed_split_id='upper_lower_fullbody_3day_female' AND day_number=3), 1, (SELECT id FROM exercises WHERE name_en='Back Squat'), '6-10', '["Hack Squat", "Smith Machine Squat", "Goblet Squat", "Front Squat", "Bodyweight Squat", "Leg Press", "Single-Leg Leg Press", "Horizontal Leg Press"]'::jsonb, 'Brace your core before each rep. | Keep knees tracking with toes. | Control depth and stand up strong.'),
  ((SELECT id FROM fixed_split_days WHERE fixed_split_id='upper_lower_fullbody_3day_female' AND day_number=3), 2, (SELECT id FROM exercises WHERE name_en='Hip Thrust'), '6-10', '["Smith Machine Hip Thrust", "Machine Hip Thrust", "Glute Bridge", "Single-Leg Glute Bridge", "Banded Glute Bridge"]'::jsonb, 'Push through heels. | Squeeze glutes at the top. | Do not over-arch lower back.'),
  ((SELECT id FROM fixed_split_days WHERE fixed_split_id='upper_lower_fullbody_3day_female' AND day_number=3), 3, (SELECT id FROM exercises WHERE name_en='Lat Pulldown'), '6-10', '["Close-Grip Lat Pulldown", "Assisted Pull-Up", "Pull-Up"]'::jsonb, 'Pull elbows down toward your ribs. | Keep chest up and shoulders away from ears. | Control the stretch at the top.'),
  ((SELECT id FROM fixed_split_days WHERE fixed_split_id='upper_lower_fullbody_3day_female' AND day_number=3), 4, (SELECT id FROM exercises WHERE name_en='Single-Arm Cable Row'), '6-10', '["Chest-Supported Dumbbell Row", "Dumbbell Row", "Seated Cable Row"]'::jsonb, 'Use controlled technique. | Avoid pain and ego lifting. | Progress slowly week by week.'),
  ((SELECT id FROM fixed_split_days WHERE fixed_split_id='upper_lower_fullbody_3day_female' AND day_number=3), 5, (SELECT id FROM exercises WHERE name_en='Pec Deck'), '10-15', '["Cable Crossover", "Incline Cable Fly", "Dumbbell Fly", "Band Chest Fly"]'::jsonb, 'Keep shoulders down and chest open. | Use control and avoid swinging. | Stop the set when you stop feeling the chest.'),
  ((SELECT id FROM fixed_split_days WHERE fixed_split_id='upper_lower_fullbody_3day_female' AND day_number=3), 6, (SELECT id FROM exercises WHERE name_en='Reverse Pec Deck'), '6-10', '["Cable Rear Delt Fly", "Dumbbell Rear Delt Fly", "Face Pull", "Band Face Pull", "Band Pull-Apart"]'::jsonb, 'Keep shoulders down. | Open arms with control. | Do not let traps take over.'),
  ((SELECT id FROM fixed_split_days WHERE fixed_split_id='upper_lower_fullbody_3day_female' AND day_number=3), 7, (SELECT id FROM exercises WHERE name_en='Side Plank'), '12-20', '["Bird Dog", "Pallof Press"]'::jsonb, 'Keep ribs down. | Breathe normally. | Stop if lower back arches.'),
  ((SELECT id FROM fixed_split_days WHERE fixed_split_id='push_legs_pull_lower_4day_female' AND day_number=1), 1, (SELECT id FROM exercises WHERE name_en='Pec Deck'), '10-15', '["Cable Crossover", "Incline Cable Fly", "Dumbbell Fly", "Band Chest Fly"]'::jsonb, 'Keep shoulders down and chest open. | Use control and avoid swinging. | Stop the set when you stop feeling the chest.'),
  ((SELECT id FROM fixed_split_days WHERE fixed_split_id='push_legs_pull_lower_4day_female' AND day_number=1), 2, (SELECT id FROM exercises WHERE name_en='Incline Dumbbell Press'), '6-10', '["Incline Machine Press", "Smith Machine Incline Press", "Incline Barbell Press", "Incline Push-Up"]'::jsonb, 'Keep shoulder blades stable on the bench. | Lower the weight with control toward upper chest. | Push strongly without bouncing.'),
  ((SELECT id FROM fixed_split_days WHERE fixed_split_id='push_legs_pull_lower_4day_female' AND day_number=1), 3, (SELECT id FROM exercises WHERE name_en='Machine Chest Press'), '6-10', '["Dumbbell Bench Press", "Barbell Bench Press", "Push-Up"]'::jsonb, 'Keep feet stable and upper back tight. | Lower under control without bouncing. | Keep wrists stacked over elbows.'),
  ((SELECT id FROM fixed_split_days WHERE fixed_split_id='push_legs_pull_lower_4day_female' AND day_number=1), 4, (SELECT id FROM exercises WHERE name_en='Machine Shoulder Press'), '6-10', '["Machine Shoulder Press", "Dumbbell Shoulder Press", "Seated Barbell Press"]'::jsonb, 'Keep ribs down and core tight. | Press without arching lower back. | Lower with control.'),
  ((SELECT id FROM fixed_split_days WHERE fixed_split_id='push_legs_pull_lower_4day_female' AND day_number=1), 5, (SELECT id FROM exercises WHERE name_en='Cable Lateral Raise'), '10-15', '["Machine Lateral Raise", "Dumbbell Lateral Raise", "Band Lateral Raise"]'::jsonb, 'Lead with elbows. | Use light controlled weight. | Do not shrug.'),
  ((SELECT id FROM fixed_split_days WHERE fixed_split_id='push_legs_pull_lower_4day_female' AND day_number=1), 6, (SELECT id FROM exercises WHERE name_en='Close-Grip Bench Press'), '6-10', '["Smith Machine Close-Grip Bench Press", "Parallel Bar Dip", "Bench Dip"]'::jsonb, 'Keep elbows controlled. | Push hard without wrist collapse. | Avoid bouncing reps.'),
  ((SELECT id FROM fixed_split_days WHERE fixed_split_id='push_legs_pull_lower_4day_female' AND day_number=1), 7, (SELECT id FROM exercises WHERE name_en='Cable Overhead Triceps Extension'), '10-15', '["Dumbbell Overhead Triceps Extension", "EZ-Bar Overhead Triceps Extension", "Band Overhead Triceps Extension"]'::jsonb, 'Keep elbows pointing forward. | Feel the long head stretch. | Do not flare elbows too much.'),
  ((SELECT id FROM fixed_split_days WHERE fixed_split_id='push_legs_pull_lower_4day_female' AND day_number=2), 1, (SELECT id FROM exercises WHERE name_en='Hip Thrust'), '6-10', '["Smith Machine Hip Thrust", "Machine Hip Thrust", "Glute Bridge", "Single-Leg Glute Bridge", "Banded Glute Bridge"]'::jsonb, 'Push through heels. | Squeeze glutes at the top. | Do not over-arch lower back.'),
  ((SELECT id FROM fixed_split_days WHERE fixed_split_id='push_legs_pull_lower_4day_female' AND day_number=2), 2, (SELECT id FROM exercises WHERE name_en='Back Squat'), '6-10', '["Hack Squat", "Smith Machine Squat", "Goblet Squat", "Front Squat", "Bodyweight Squat", "Leg Press", "Single-Leg Leg Press", "Horizontal Leg Press"]'::jsonb, 'Brace your core before each rep. | Keep knees tracking with toes. | Control depth and stand up strong.'),
  ((SELECT id FROM fixed_split_days WHERE fixed_split_id='push_legs_pull_lower_4day_female' AND day_number=2), 3, (SELECT id FROM exercises WHERE name_en='Seated Leg Curl'), '10-15', '["Standing Single-Leg Curl", "Lying Leg Curl", "Band Hamstring Curl"]'::jsonb, 'Keep hips stable. | Curl smoothly and squeeze hamstrings. | Lower the weight slowly.'),
  ((SELECT id FROM fixed_split_days WHERE fixed_split_id='push_legs_pull_lower_4day_female' AND day_number=2), 4, (SELECT id FROM exercises WHERE name_en='Dumbbell RDL'), '6-10', '["Romanian Deadlift", "Smith Machine RDL", "Cable Pull-Through"]'::jsonb, 'Push hips back. | Keep knees slightly bent. | Feel hamstrings stretch without back pain.'),
  ((SELECT id FROM fixed_split_days WHERE fixed_split_id='push_legs_pull_lower_4day_female' AND day_number=2), 5, (SELECT id FROM exercises WHERE name_en='Hip Abduction Machine'), '10-15', '["Cable Hip Abduction", "Banded Lateral Walk", "Side-Lying Hip Abduction"]'::jsonb, 'Use controlled technique. | Avoid pain and ego lifting. | Progress slowly week by week.'),
  ((SELECT id FROM fixed_split_days WHERE fixed_split_id='push_legs_pull_lower_4day_female' AND day_number=2), 6, (SELECT id FROM exercises WHERE name_en='Cable Crunch'), '12-20', '["Machine Crunch", "Hanging Leg Raise", "Reverse Crunch", "Plank", "Ab Wheel Rollout"]'::jsonb, 'Brace your abs before moving. | Keep lower back controlled. | Do not rush reps.'),
  ((SELECT id FROM fixed_split_days WHERE fixed_split_id='push_legs_pull_lower_4day_female' AND day_number=2), 7, (SELECT id FROM exercises WHERE name_en='Standing Calf Raise'), '12-20', '["Seated Calf Raise", "Leg Press Calf Raise", "Single-Leg Calf Raise", "Bodyweight Calf Raise"]'::jsonb, 'Use full range. | Pause at the top. | Do not bounce.'),
  ((SELECT id FROM fixed_split_days WHERE fixed_split_id='push_legs_pull_lower_4day_female' AND day_number=3), 1, (SELECT id FROM exercises WHERE name_en='Lat Pulldown'), '6-10', '["Close-Grip Lat Pulldown", "Assisted Pull-Up", "Pull-Up"]'::jsonb, 'Pull elbows down toward your ribs. | Keep chest up and shoulders away from ears. | Control the stretch at the top.'),
  ((SELECT id FROM fixed_split_days WHERE fixed_split_id='push_legs_pull_lower_4day_female' AND day_number=3), 2, (SELECT id FROM exercises WHERE name_en='Single-Arm Cable Row'), '6-10', '["Chest-Supported Dumbbell Row", "Dumbbell Row", "Seated Cable Row"]'::jsonb, 'Use controlled technique. | Avoid pain and ego lifting. | Progress slowly week by week.'),
  ((SELECT id FROM fixed_split_days WHERE fixed_split_id='push_legs_pull_lower_4day_female' AND day_number=3), 3, (SELECT id FROM exercises WHERE name_en='Straight-Arm Pulldown'), '10-15', '["Straight-Arm Pulldown", "Band Straight-Arm Pulldown"]'::jsonb, 'Use controlled technique. | Avoid pain and ego lifting. | Progress slowly week by week.'),
  ((SELECT id FROM fixed_split_days WHERE fixed_split_id='push_legs_pull_lower_4day_female' AND day_number=3), 4, (SELECT id FROM exercises WHERE name_en='Chest-Supported Row'), '6-10', '[]'::jsonb, 'Use controlled technique. | Avoid pain and ego lifting. | Progress slowly week by week.'),
  ((SELECT id FROM fixed_split_days WHERE fixed_split_id='push_legs_pull_lower_4day_female' AND day_number=3), 5, (SELECT id FROM exercises WHERE name_en='Machine Row'), '6-10', '["T-Bar Row", "Bent-Over Barbell Row", "Band Row"]'::jsonb, 'Keep your spine neutral. | Pull elbows back with control. | Avoid using lower-back momentum.'),
  ((SELECT id FROM fixed_split_days WHERE fixed_split_id='push_legs_pull_lower_4day_female' AND day_number=3), 6, (SELECT id FROM exercises WHERE name_en='EZ-Bar Curl'), '10-15', '["Barbell Curl", "Dumbbell Curl", "Cable Curl", "Chin-Up"]'::jsonb, 'Keep elbows fixed. | Use clean reps, not swinging. | Control the negative.'),
  ((SELECT id FROM fixed_split_days WHERE fixed_split_id='push_legs_pull_lower_4day_female' AND day_number=3), 7, (SELECT id FROM exercises WHERE name_en='Incline Dumbbell Curl'), '10-15', '["Bayesian Cable Curl", "Preacher Curl"]'::jsonb, 'Let the biceps stretch safely. | Keep shoulder stable. | Curl with control.'),
  ((SELECT id FROM fixed_split_days WHERE fixed_split_id='push_legs_pull_lower_4day_female' AND day_number=4), 1, (SELECT id FROM exercises WHERE name_en='Hip Thrust'), '6-10', '["Smith Machine Hip Thrust", "Machine Hip Thrust", "Glute Bridge", "Single-Leg Glute Bridge", "Banded Glute Bridge"]'::jsonb, 'Push through heels. | Squeeze glutes at the top. | Do not over-arch lower back.'),
  ((SELECT id FROM fixed_split_days WHERE fixed_split_id='push_legs_pull_lower_4day_female' AND day_number=4), 2, (SELECT id FROM exercises WHERE name_en='Back Squat'), '6-10', '["Hack Squat", "Smith Machine Squat", "Goblet Squat", "Front Squat", "Bodyweight Squat", "Leg Press", "Single-Leg Leg Press", "Horizontal Leg Press"]'::jsonb, 'Brace your core before each rep. | Keep knees tracking with toes. | Control depth and stand up strong.'),
  ((SELECT id FROM fixed_split_days WHERE fixed_split_id='push_legs_pull_lower_4day_female' AND day_number=4), 3, (SELECT id FROM exercises WHERE name_en='Seated Leg Curl'), '10-15', '["Standing Single-Leg Curl", "Lying Leg Curl", "Band Hamstring Curl"]'::jsonb, 'Keep hips stable. | Curl smoothly and squeeze hamstrings. | Lower the weight slowly.'),
  ((SELECT id FROM fixed_split_days WHERE fixed_split_id='push_legs_pull_lower_4day_female' AND day_number=4), 4, (SELECT id FROM exercises WHERE name_en='Dumbbell RDL'), '6-10', '["Romanian Deadlift", "Smith Machine RDL", "Cable Pull-Through"]'::jsonb, 'Push hips back. | Keep knees slightly bent. | Feel hamstrings stretch without back pain.'),
  ((SELECT id FROM fixed_split_days WHERE fixed_split_id='push_legs_pull_lower_4day_female' AND day_number=4), 5, (SELECT id FROM exercises WHERE name_en='Hip Abduction Machine'), '10-15', '["Cable Hip Abduction", "Banded Lateral Walk", "Side-Lying Hip Abduction"]'::jsonb, 'Use controlled technique. | Avoid pain and ego lifting. | Progress slowly week by week.'),
  ((SELECT id FROM fixed_split_days WHERE fixed_split_id='push_legs_pull_lower_4day_female' AND day_number=4), 6, (SELECT id FROM exercises WHERE name_en='Cable Crunch'), '12-20', '["Machine Crunch", "Hanging Leg Raise", "Reverse Crunch", "Plank", "Ab Wheel Rollout"]'::jsonb, 'Brace your abs before moving. | Keep lower back controlled. | Do not rush reps.'),
  ((SELECT id FROM fixed_split_days WHERE fixed_split_id='push_legs_pull_lower_4day_female' AND day_number=4), 7, (SELECT id FROM exercises WHERE name_en='Standing Calf Raise'), '12-20', '["Seated Calf Raise", "Leg Press Calf Raise", "Single-Leg Calf Raise", "Bodyweight Calf Raise"]'::jsonb, 'Use full range. | Pause at the top. | Do not bounce.'),
  ((SELECT id FROM fixed_split_days WHERE fixed_split_id='upper_lower_pull_push_legs_5day_female' AND day_number=1), 1, (SELECT id FROM exercises WHERE name_en='Pec Deck'), '10-15', '["Cable Crossover", "Incline Cable Fly", "Dumbbell Fly", "Band Chest Fly"]'::jsonb, 'Keep shoulders down and chest open. | Use control and avoid swinging. | Stop the set when you stop feeling the chest.'),
  ((SELECT id FROM fixed_split_days WHERE fixed_split_id='upper_lower_pull_push_legs_5day_female' AND day_number=1), 2, (SELECT id FROM exercises WHERE name_en='Incline Dumbbell Press'), '6-10', '["Incline Machine Press", "Smith Machine Incline Press", "Incline Barbell Press", "Incline Push-Up"]'::jsonb, 'Keep shoulder blades stable on the bench. | Lower the weight with control toward upper chest. | Push strongly without bouncing.'),
  ((SELECT id FROM fixed_split_days WHERE fixed_split_id='upper_lower_pull_push_legs_5day_female' AND day_number=1), 3, (SELECT id FROM exercises WHERE name_en='Lat Pulldown'), '6-10', '["Close-Grip Lat Pulldown", "Assisted Pull-Up", "Pull-Up"]'::jsonb, 'Pull elbows down toward your ribs. | Keep chest up and shoulders away from ears. | Control the stretch at the top.'),
  ((SELECT id FROM fixed_split_days WHERE fixed_split_id='upper_lower_pull_push_legs_5day_female' AND day_number=1), 4, (SELECT id FROM exercises WHERE name_en='Single-Arm Cable Row'), '6-10', '["Chest-Supported Dumbbell Row", "Dumbbell Row", "Seated Cable Row"]'::jsonb, 'Use controlled technique. | Avoid pain and ego lifting. | Progress slowly week by week.'),
  ((SELECT id FROM fixed_split_days WHERE fixed_split_id='upper_lower_pull_push_legs_5day_female' AND day_number=1), 5, (SELECT id FROM exercises WHERE name_en='Chest-Supported Row'), '6-10', '[]'::jsonb, 'Use controlled technique. | Avoid pain and ego lifting. | Progress slowly week by week.'),
  ((SELECT id FROM fixed_split_days WHERE fixed_split_id='upper_lower_pull_push_legs_5day_female' AND day_number=1), 6, (SELECT id FROM exercises WHERE name_en='Cable Lateral Raise'), '10-15', '["Machine Lateral Raise", "Dumbbell Lateral Raise", "Band Lateral Raise"]'::jsonb, 'Lead with elbows. | Use light controlled weight. | Do not shrug.'),
  ((SELECT id FROM fixed_split_days WHERE fixed_split_id='upper_lower_pull_push_legs_5day_female' AND day_number=1), 7, (SELECT id FROM exercises WHERE name_en='EZ-Bar Curl'), '10-15', '["Barbell Curl", "Dumbbell Curl", "Cable Curl", "Chin-Up"]'::jsonb, 'Keep elbows fixed. | Use clean reps, not swinging. | Control the negative.'),
  ((SELECT id FROM fixed_split_days WHERE fixed_split_id='upper_lower_pull_push_legs_5day_female' AND day_number=2), 1, (SELECT id FROM exercises WHERE name_en='Hip Thrust'), '6-10', '["Smith Machine Hip Thrust", "Machine Hip Thrust", "Glute Bridge", "Single-Leg Glute Bridge", "Banded Glute Bridge"]'::jsonb, 'Push through heels. | Squeeze glutes at the top. | Do not over-arch lower back.'),
  ((SELECT id FROM fixed_split_days WHERE fixed_split_id='upper_lower_pull_push_legs_5day_female' AND day_number=2), 2, (SELECT id FROM exercises WHERE name_en='Back Squat'), '6-10', '["Hack Squat", "Smith Machine Squat", "Goblet Squat", "Front Squat", "Bodyweight Squat", "Leg Press", "Single-Leg Leg Press", "Horizontal Leg Press"]'::jsonb, 'Brace your core before each rep. | Keep knees tracking with toes. | Control depth and stand up strong.'),
  ((SELECT id FROM fixed_split_days WHERE fixed_split_id='upper_lower_pull_push_legs_5day_female' AND day_number=2), 3, (SELECT id FROM exercises WHERE name_en='Seated Leg Curl'), '10-15', '["Standing Single-Leg Curl", "Lying Leg Curl", "Band Hamstring Curl"]'::jsonb, 'Keep hips stable. | Curl smoothly and squeeze hamstrings. | Lower the weight slowly.'),
  ((SELECT id FROM fixed_split_days WHERE fixed_split_id='upper_lower_pull_push_legs_5day_female' AND day_number=2), 4, (SELECT id FROM exercises WHERE name_en='Dumbbell RDL'), '6-10', '["Romanian Deadlift", "Smith Machine RDL", "Cable Pull-Through"]'::jsonb, 'Push hips back. | Keep knees slightly bent. | Feel hamstrings stretch without back pain.'),
  ((SELECT id FROM fixed_split_days WHERE fixed_split_id='upper_lower_pull_push_legs_5day_female' AND day_number=2), 5, (SELECT id FROM exercises WHERE name_en='Hip Abduction Machine'), '10-15', '["Cable Hip Abduction", "Banded Lateral Walk", "Side-Lying Hip Abduction"]'::jsonb, 'Use controlled technique. | Avoid pain and ego lifting. | Progress slowly week by week.'),
  ((SELECT id FROM fixed_split_days WHERE fixed_split_id='upper_lower_pull_push_legs_5day_female' AND day_number=2), 6, (SELECT id FROM exercises WHERE name_en='Cable Crunch'), '12-20', '["Machine Crunch", "Hanging Leg Raise", "Reverse Crunch", "Plank", "Ab Wheel Rollout"]'::jsonb, 'Brace your abs before moving. | Keep lower back controlled. | Do not rush reps.'),
  ((SELECT id FROM fixed_split_days WHERE fixed_split_id='upper_lower_pull_push_legs_5day_female' AND day_number=2), 7, (SELECT id FROM exercises WHERE name_en='Standing Calf Raise'), '12-20', '["Seated Calf Raise", "Leg Press Calf Raise", "Single-Leg Calf Raise", "Bodyweight Calf Raise"]'::jsonb, 'Use full range. | Pause at the top. | Do not bounce.'),
  ((SELECT id FROM fixed_split_days WHERE fixed_split_id='upper_lower_pull_push_legs_5day_female' AND day_number=3), 1, (SELECT id FROM exercises WHERE name_en='Lat Pulldown'), '6-10', '["Close-Grip Lat Pulldown", "Assisted Pull-Up", "Pull-Up"]'::jsonb, 'Pull elbows down toward your ribs. | Keep chest up and shoulders away from ears. | Control the stretch at the top.'),
  ((SELECT id FROM fixed_split_days WHERE fixed_split_id='upper_lower_pull_push_legs_5day_female' AND day_number=3), 2, (SELECT id FROM exercises WHERE name_en='Single-Arm Cable Row'), '6-10', '["Chest-Supported Dumbbell Row", "Dumbbell Row", "Seated Cable Row"]'::jsonb, 'Use controlled technique. | Avoid pain and ego lifting. | Progress slowly week by week.'),
  ((SELECT id FROM fixed_split_days WHERE fixed_split_id='upper_lower_pull_push_legs_5day_female' AND day_number=3), 3, (SELECT id FROM exercises WHERE name_en='Straight-Arm Pulldown'), '10-15', '["Straight-Arm Pulldown", "Band Straight-Arm Pulldown"]'::jsonb, 'Use controlled technique. | Avoid pain and ego lifting. | Progress slowly week by week.'),
  ((SELECT id FROM fixed_split_days WHERE fixed_split_id='upper_lower_pull_push_legs_5day_female' AND day_number=3), 4, (SELECT id FROM exercises WHERE name_en='Chest-Supported Row'), '6-10', '[]'::jsonb, 'Use controlled technique. | Avoid pain and ego lifting. | Progress slowly week by week.'),
  ((SELECT id FROM fixed_split_days WHERE fixed_split_id='upper_lower_pull_push_legs_5day_female' AND day_number=3), 5, (SELECT id FROM exercises WHERE name_en='Machine Row'), '6-10', '["T-Bar Row", "Bent-Over Barbell Row", "Band Row"]'::jsonb, 'Keep your spine neutral. | Pull elbows back with control. | Avoid using lower-back momentum.'),
  ((SELECT id FROM fixed_split_days WHERE fixed_split_id='upper_lower_pull_push_legs_5day_female' AND day_number=3), 6, (SELECT id FROM exercises WHERE name_en='EZ-Bar Curl'), '10-15', '["Barbell Curl", "Dumbbell Curl", "Cable Curl", "Chin-Up"]'::jsonb, 'Keep elbows fixed. | Use clean reps, not swinging. | Control the negative.'),
  ((SELECT id FROM fixed_split_days WHERE fixed_split_id='upper_lower_pull_push_legs_5day_female' AND day_number=3), 7, (SELECT id FROM exercises WHERE name_en='Incline Dumbbell Curl'), '10-15', '["Bayesian Cable Curl", "Preacher Curl"]'::jsonb, 'Let the biceps stretch safely. | Keep shoulder stable. | Curl with control.'),
  ((SELECT id FROM fixed_split_days WHERE fixed_split_id='upper_lower_pull_push_legs_5day_female' AND day_number=4), 1, (SELECT id FROM exercises WHERE name_en='Pec Deck'), '10-15', '["Cable Crossover", "Incline Cable Fly", "Dumbbell Fly", "Band Chest Fly"]'::jsonb, 'Keep shoulders down and chest open. | Use control and avoid swinging. | Stop the set when you stop feeling the chest.'),
  ((SELECT id FROM fixed_split_days WHERE fixed_split_id='upper_lower_pull_push_legs_5day_female' AND day_number=4), 2, (SELECT id FROM exercises WHERE name_en='Incline Dumbbell Press'), '6-10', '["Incline Machine Press", "Smith Machine Incline Press", "Incline Barbell Press", "Incline Push-Up"]'::jsonb, 'Keep shoulder blades stable on the bench. | Lower the weight with control toward upper chest. | Push strongly without bouncing.'),
  ((SELECT id FROM fixed_split_days WHERE fixed_split_id='upper_lower_pull_push_legs_5day_female' AND day_number=4), 3, (SELECT id FROM exercises WHERE name_en='Machine Chest Press'), '6-10', '["Dumbbell Bench Press", "Barbell Bench Press", "Push-Up"]'::jsonb, 'Keep feet stable and upper back tight. | Lower under control without bouncing. | Keep wrists stacked over elbows.'),
  ((SELECT id FROM fixed_split_days WHERE fixed_split_id='upper_lower_pull_push_legs_5day_female' AND day_number=4), 4, (SELECT id FROM exercises WHERE name_en='Machine Shoulder Press'), '6-10', '["Machine Shoulder Press", "Dumbbell Shoulder Press", "Seated Barbell Press"]'::jsonb, 'Keep ribs down and core tight. | Press without arching lower back. | Lower with control.'),
  ((SELECT id FROM fixed_split_days WHERE fixed_split_id='upper_lower_pull_push_legs_5day_female' AND day_number=4), 5, (SELECT id FROM exercises WHERE name_en='Cable Lateral Raise'), '10-15', '["Machine Lateral Raise", "Dumbbell Lateral Raise", "Band Lateral Raise"]'::jsonb, 'Lead with elbows. | Use light controlled weight. | Do not shrug.'),
  ((SELECT id FROM fixed_split_days WHERE fixed_split_id='upper_lower_pull_push_legs_5day_female' AND day_number=4), 6, (SELECT id FROM exercises WHERE name_en='Close-Grip Bench Press'), '6-10', '["Smith Machine Close-Grip Bench Press", "Parallel Bar Dip", "Bench Dip"]'::jsonb, 'Keep elbows controlled. | Push hard without wrist collapse. | Avoid bouncing reps.'),
  ((SELECT id FROM fixed_split_days WHERE fixed_split_id='upper_lower_pull_push_legs_5day_female' AND day_number=4), 7, (SELECT id FROM exercises WHERE name_en='Cable Overhead Triceps Extension'), '10-15', '["Dumbbell Overhead Triceps Extension", "EZ-Bar Overhead Triceps Extension", "Band Overhead Triceps Extension"]'::jsonb, 'Keep elbows pointing forward. | Feel the long head stretch. | Do not flare elbows too much.'),
  ((SELECT id FROM fixed_split_days WHERE fixed_split_id='upper_lower_pull_push_legs_5day_female' AND day_number=5), 1, (SELECT id FROM exercises WHERE name_en='Hip Thrust'), '6-10', '["Smith Machine Hip Thrust", "Machine Hip Thrust", "Glute Bridge", "Single-Leg Glute Bridge", "Banded Glute Bridge"]'::jsonb, 'Push through heels. | Squeeze glutes at the top. | Do not over-arch lower back.'),
  ((SELECT id FROM fixed_split_days WHERE fixed_split_id='upper_lower_pull_push_legs_5day_female' AND day_number=5), 2, (SELECT id FROM exercises WHERE name_en='Back Squat'), '6-10', '["Hack Squat", "Smith Machine Squat", "Goblet Squat", "Front Squat", "Bodyweight Squat", "Leg Press", "Single-Leg Leg Press", "Horizontal Leg Press"]'::jsonb, 'Brace your core before each rep. | Keep knees tracking with toes. | Control depth and stand up strong.'),
  ((SELECT id FROM fixed_split_days WHERE fixed_split_id='upper_lower_pull_push_legs_5day_female' AND day_number=5), 3, (SELECT id FROM exercises WHERE name_en='Seated Leg Curl'), '10-15', '["Standing Single-Leg Curl", "Lying Leg Curl", "Band Hamstring Curl"]'::jsonb, 'Keep hips stable. | Curl smoothly and squeeze hamstrings. | Lower the weight slowly.'),
  ((SELECT id FROM fixed_split_days WHERE fixed_split_id='upper_lower_pull_push_legs_5day_female' AND day_number=5), 4, (SELECT id FROM exercises WHERE name_en='Dumbbell RDL'), '6-10', '["Romanian Deadlift", "Smith Machine RDL", "Cable Pull-Through"]'::jsonb, 'Push hips back. | Keep knees slightly bent. | Feel hamstrings stretch without back pain.'),
  ((SELECT id FROM fixed_split_days WHERE fixed_split_id='upper_lower_pull_push_legs_5day_female' AND day_number=5), 5, (SELECT id FROM exercises WHERE name_en='Hip Abduction Machine'), '10-15', '["Cable Hip Abduction", "Banded Lateral Walk", "Side-Lying Hip Abduction"]'::jsonb, 'Use controlled technique. | Avoid pain and ego lifting. | Progress slowly week by week.'),
  ((SELECT id FROM fixed_split_days WHERE fixed_split_id='upper_lower_pull_push_legs_5day_female' AND day_number=5), 6, (SELECT id FROM exercises WHERE name_en='Cable Crunch'), '12-20', '["Machine Crunch", "Hanging Leg Raise", "Reverse Crunch", "Plank", "Ab Wheel Rollout"]'::jsonb, 'Brace your abs before moving. | Keep lower back controlled. | Do not rush reps.'),
  ((SELECT id FROM fixed_split_days WHERE fixed_split_id='upper_lower_pull_push_legs_5day_female' AND day_number=5), 7, (SELECT id FROM exercises WHERE name_en='Standing Calf Raise'), '12-20', '["Seated Calf Raise", "Leg Press Calf Raise", "Single-Leg Calf Raise", "Bodyweight Calf Raise"]'::jsonb, 'Use full range. | Pause at the top. | Do not bounce.'),
  ((SELECT id FROM fixed_split_days WHERE fixed_split_id='upper_lower_push_legs_pull_lower_6day_female' AND day_number=1), 1, (SELECT id FROM exercises WHERE name_en='Pec Deck'), '10-15', '["Cable Crossover", "Incline Cable Fly", "Dumbbell Fly", "Band Chest Fly"]'::jsonb, 'Keep shoulders down and chest open. | Use control and avoid swinging. | Stop the set when you stop feeling the chest.'),
  ((SELECT id FROM fixed_split_days WHERE fixed_split_id='upper_lower_push_legs_pull_lower_6day_female' AND day_number=1), 2, (SELECT id FROM exercises WHERE name_en='Incline Dumbbell Press'), '6-10', '["Incline Machine Press", "Smith Machine Incline Press", "Incline Barbell Press", "Incline Push-Up"]'::jsonb, 'Keep shoulder blades stable on the bench. | Lower the weight with control toward upper chest. | Push strongly without bouncing.'),
  ((SELECT id FROM fixed_split_days WHERE fixed_split_id='upper_lower_push_legs_pull_lower_6day_female' AND day_number=1), 3, (SELECT id FROM exercises WHERE name_en='Lat Pulldown'), '6-10', '["Close-Grip Lat Pulldown", "Assisted Pull-Up", "Pull-Up"]'::jsonb, 'Pull elbows down toward your ribs. | Keep chest up and shoulders away from ears. | Control the stretch at the top.'),
  ((SELECT id FROM fixed_split_days WHERE fixed_split_id='upper_lower_push_legs_pull_lower_6day_female' AND day_number=1), 4, (SELECT id FROM exercises WHERE name_en='Single-Arm Cable Row'), '6-10', '["Chest-Supported Dumbbell Row", "Dumbbell Row", "Seated Cable Row"]'::jsonb, 'Use controlled technique. | Avoid pain and ego lifting. | Progress slowly week by week.'),
  ((SELECT id FROM fixed_split_days WHERE fixed_split_id='upper_lower_push_legs_pull_lower_6day_female' AND day_number=1), 5, (SELECT id FROM exercises WHERE name_en='Chest-Supported Row'), '6-10', '[]'::jsonb, 'Use controlled technique. | Avoid pain and ego lifting. | Progress slowly week by week.'),
  ((SELECT id FROM fixed_split_days WHERE fixed_split_id='upper_lower_push_legs_pull_lower_6day_female' AND day_number=1), 6, (SELECT id FROM exercises WHERE name_en='Cable Lateral Raise'), '10-15', '["Machine Lateral Raise", "Dumbbell Lateral Raise", "Band Lateral Raise"]'::jsonb, 'Lead with elbows. | Use light controlled weight. | Do not shrug.'),
  ((SELECT id FROM fixed_split_days WHERE fixed_split_id='upper_lower_push_legs_pull_lower_6day_female' AND day_number=1), 7, (SELECT id FROM exercises WHERE name_en='EZ-Bar Curl'), '10-15', '["Barbell Curl", "Dumbbell Curl", "Cable Curl", "Chin-Up"]'::jsonb, 'Keep elbows fixed. | Use clean reps, not swinging. | Control the negative.'),
  ((SELECT id FROM fixed_split_days WHERE fixed_split_id='upper_lower_push_legs_pull_lower_6day_female' AND day_number=2), 1, (SELECT id FROM exercises WHERE name_en='Hip Thrust'), '6-10', '["Smith Machine Hip Thrust", "Machine Hip Thrust", "Glute Bridge", "Single-Leg Glute Bridge", "Banded Glute Bridge"]'::jsonb, 'Push through heels. | Squeeze glutes at the top. | Do not over-arch lower back.'),
  ((SELECT id FROM fixed_split_days WHERE fixed_split_id='upper_lower_push_legs_pull_lower_6day_female' AND day_number=2), 2, (SELECT id FROM exercises WHERE name_en='Back Squat'), '6-10', '["Hack Squat", "Smith Machine Squat", "Goblet Squat", "Front Squat", "Bodyweight Squat", "Leg Press", "Single-Leg Leg Press", "Horizontal Leg Press"]'::jsonb, 'Brace your core before each rep. | Keep knees tracking with toes. | Control depth and stand up strong.'),
  ((SELECT id FROM fixed_split_days WHERE fixed_split_id='upper_lower_push_legs_pull_lower_6day_female' AND day_number=2), 3, (SELECT id FROM exercises WHERE name_en='Seated Leg Curl'), '10-15', '["Standing Single-Leg Curl", "Lying Leg Curl", "Band Hamstring Curl"]'::jsonb, 'Keep hips stable. | Curl smoothly and squeeze hamstrings. | Lower the weight slowly.'),
  ((SELECT id FROM fixed_split_days WHERE fixed_split_id='upper_lower_push_legs_pull_lower_6day_female' AND day_number=2), 4, (SELECT id FROM exercises WHERE name_en='Dumbbell RDL'), '6-10', '["Romanian Deadlift", "Smith Machine RDL", "Cable Pull-Through"]'::jsonb, 'Push hips back. | Keep knees slightly bent. | Feel hamstrings stretch without back pain.'),
  ((SELECT id FROM fixed_split_days WHERE fixed_split_id='upper_lower_push_legs_pull_lower_6day_female' AND day_number=2), 5, (SELECT id FROM exercises WHERE name_en='Hip Abduction Machine'), '10-15', '["Cable Hip Abduction", "Banded Lateral Walk", "Side-Lying Hip Abduction"]'::jsonb, 'Use controlled technique. | Avoid pain and ego lifting. | Progress slowly week by week.'),
  ((SELECT id FROM fixed_split_days WHERE fixed_split_id='upper_lower_push_legs_pull_lower_6day_female' AND day_number=2), 6, (SELECT id FROM exercises WHERE name_en='Cable Crunch'), '12-20', '["Machine Crunch", "Hanging Leg Raise", "Reverse Crunch", "Plank", "Ab Wheel Rollout"]'::jsonb, 'Brace your abs before moving. | Keep lower back controlled. | Do not rush reps.'),
  ((SELECT id FROM fixed_split_days WHERE fixed_split_id='upper_lower_push_legs_pull_lower_6day_female' AND day_number=2), 7, (SELECT id FROM exercises WHERE name_en='Standing Calf Raise'), '12-20', '["Seated Calf Raise", "Leg Press Calf Raise", "Single-Leg Calf Raise", "Bodyweight Calf Raise"]'::jsonb, 'Use full range. | Pause at the top. | Do not bounce.'),
  ((SELECT id FROM fixed_split_days WHERE fixed_split_id='upper_lower_push_legs_pull_lower_6day_female' AND day_number=3), 1, (SELECT id FROM exercises WHERE name_en='Pec Deck'), '10-15', '["Cable Crossover", "Incline Cable Fly", "Dumbbell Fly", "Band Chest Fly"]'::jsonb, 'Keep shoulders down and chest open. | Use control and avoid swinging. | Stop the set when you stop feeling the chest.'),
  ((SELECT id FROM fixed_split_days WHERE fixed_split_id='upper_lower_push_legs_pull_lower_6day_female' AND day_number=3), 2, (SELECT id FROM exercises WHERE name_en='Incline Dumbbell Press'), '6-10', '["Incline Machine Press", "Smith Machine Incline Press", "Incline Barbell Press", "Incline Push-Up"]'::jsonb, 'Keep shoulder blades stable on the bench. | Lower the weight with control toward upper chest. | Push strongly without bouncing.'),
  ((SELECT id FROM fixed_split_days WHERE fixed_split_id='upper_lower_push_legs_pull_lower_6day_female' AND day_number=3), 3, (SELECT id FROM exercises WHERE name_en='Machine Chest Press'), '6-10', '["Dumbbell Bench Press", "Barbell Bench Press", "Push-Up"]'::jsonb, 'Keep feet stable and upper back tight. | Lower under control without bouncing. | Keep wrists stacked over elbows.'),
  ((SELECT id FROM fixed_split_days WHERE fixed_split_id='upper_lower_push_legs_pull_lower_6day_female' AND day_number=3), 4, (SELECT id FROM exercises WHERE name_en='Machine Shoulder Press'), '6-10', '["Machine Shoulder Press", "Dumbbell Shoulder Press", "Seated Barbell Press"]'::jsonb, 'Keep ribs down and core tight. | Press without arching lower back. | Lower with control.'),
  ((SELECT id FROM fixed_split_days WHERE fixed_split_id='upper_lower_push_legs_pull_lower_6day_female' AND day_number=3), 5, (SELECT id FROM exercises WHERE name_en='Cable Lateral Raise'), '10-15', '["Machine Lateral Raise", "Dumbbell Lateral Raise", "Band Lateral Raise"]'::jsonb, 'Lead with elbows. | Use light controlled weight. | Do not shrug.'),
  ((SELECT id FROM fixed_split_days WHERE fixed_split_id='upper_lower_push_legs_pull_lower_6day_female' AND day_number=3), 6, (SELECT id FROM exercises WHERE name_en='Close-Grip Bench Press'), '6-10', '["Smith Machine Close-Grip Bench Press", "Parallel Bar Dip", "Bench Dip"]'::jsonb, 'Keep elbows controlled. | Push hard without wrist collapse. | Avoid bouncing reps.'),
  ((SELECT id FROM fixed_split_days WHERE fixed_split_id='upper_lower_push_legs_pull_lower_6day_female' AND day_number=3), 7, (SELECT id FROM exercises WHERE name_en='Cable Overhead Triceps Extension'), '10-15', '["Dumbbell Overhead Triceps Extension", "EZ-Bar Overhead Triceps Extension", "Band Overhead Triceps Extension"]'::jsonb, 'Keep elbows pointing forward. | Feel the long head stretch. | Do not flare elbows too much.'),
  ((SELECT id FROM fixed_split_days WHERE fixed_split_id='upper_lower_push_legs_pull_lower_6day_female' AND day_number=4), 1, (SELECT id FROM exercises WHERE name_en='Hip Thrust'), '6-10', '["Smith Machine Hip Thrust", "Machine Hip Thrust", "Glute Bridge", "Single-Leg Glute Bridge", "Banded Glute Bridge"]'::jsonb, 'Push through heels. | Squeeze glutes at the top. | Do not over-arch lower back.'),
  ((SELECT id FROM fixed_split_days WHERE fixed_split_id='upper_lower_push_legs_pull_lower_6day_female' AND day_number=4), 2, (SELECT id FROM exercises WHERE name_en='Back Squat'), '6-10', '["Hack Squat", "Smith Machine Squat", "Goblet Squat", "Front Squat", "Bodyweight Squat", "Leg Press", "Single-Leg Leg Press", "Horizontal Leg Press"]'::jsonb, 'Brace your core before each rep. | Keep knees tracking with toes. | Control depth and stand up strong.'),
  ((SELECT id FROM fixed_split_days WHERE fixed_split_id='upper_lower_push_legs_pull_lower_6day_female' AND day_number=4), 3, (SELECT id FROM exercises WHERE name_en='Seated Leg Curl'), '10-15', '["Standing Single-Leg Curl", "Lying Leg Curl", "Band Hamstring Curl"]'::jsonb, 'Keep hips stable. | Curl smoothly and squeeze hamstrings. | Lower the weight slowly.'),
  ((SELECT id FROM fixed_split_days WHERE fixed_split_id='upper_lower_push_legs_pull_lower_6day_female' AND day_number=4), 4, (SELECT id FROM exercises WHERE name_en='Dumbbell RDL'), '6-10', '["Romanian Deadlift", "Smith Machine RDL", "Cable Pull-Through"]'::jsonb, 'Push hips back. | Keep knees slightly bent. | Feel hamstrings stretch without back pain.'),
  ((SELECT id FROM fixed_split_days WHERE fixed_split_id='upper_lower_push_legs_pull_lower_6day_female' AND day_number=4), 5, (SELECT id FROM exercises WHERE name_en='Hip Abduction Machine'), '10-15', '["Cable Hip Abduction", "Banded Lateral Walk", "Side-Lying Hip Abduction"]'::jsonb, 'Use controlled technique. | Avoid pain and ego lifting. | Progress slowly week by week.'),
  ((SELECT id FROM fixed_split_days WHERE fixed_split_id='upper_lower_push_legs_pull_lower_6day_female' AND day_number=4), 6, (SELECT id FROM exercises WHERE name_en='Cable Crunch'), '12-20', '["Machine Crunch", "Hanging Leg Raise", "Reverse Crunch", "Plank", "Ab Wheel Rollout"]'::jsonb, 'Brace your abs before moving. | Keep lower back controlled. | Do not rush reps.'),
  ((SELECT id FROM fixed_split_days WHERE fixed_split_id='upper_lower_push_legs_pull_lower_6day_female' AND day_number=4), 7, (SELECT id FROM exercises WHERE name_en='Standing Calf Raise'), '12-20', '["Seated Calf Raise", "Leg Press Calf Raise", "Single-Leg Calf Raise", "Bodyweight Calf Raise"]'::jsonb, 'Use full range. | Pause at the top. | Do not bounce.'),
  ((SELECT id FROM fixed_split_days WHERE fixed_split_id='upper_lower_push_legs_pull_lower_6day_female' AND day_number=5), 1, (SELECT id FROM exercises WHERE name_en='Lat Pulldown'), '6-10', '["Close-Grip Lat Pulldown", "Assisted Pull-Up", "Pull-Up"]'::jsonb, 'Pull elbows down toward your ribs. | Keep chest up and shoulders away from ears. | Control the stretch at the top.'),
  ((SELECT id FROM fixed_split_days WHERE fixed_split_id='upper_lower_push_legs_pull_lower_6day_female' AND day_number=5), 2, (SELECT id FROM exercises WHERE name_en='Single-Arm Cable Row'), '6-10', '["Chest-Supported Dumbbell Row", "Dumbbell Row", "Seated Cable Row"]'::jsonb, 'Use controlled technique. | Avoid pain and ego lifting. | Progress slowly week by week.'),
  ((SELECT id FROM fixed_split_days WHERE fixed_split_id='upper_lower_push_legs_pull_lower_6day_female' AND day_number=5), 3, (SELECT id FROM exercises WHERE name_en='Straight-Arm Pulldown'), '10-15', '["Straight-Arm Pulldown", "Band Straight-Arm Pulldown"]'::jsonb, 'Use controlled technique. | Avoid pain and ego lifting. | Progress slowly week by week.'),
  ((SELECT id FROM fixed_split_days WHERE fixed_split_id='upper_lower_push_legs_pull_lower_6day_female' AND day_number=5), 4, (SELECT id FROM exercises WHERE name_en='Chest-Supported Row'), '6-10', '[]'::jsonb, 'Use controlled technique. | Avoid pain and ego lifting. | Progress slowly week by week.'),
  ((SELECT id FROM fixed_split_days WHERE fixed_split_id='upper_lower_push_legs_pull_lower_6day_female' AND day_number=5), 5, (SELECT id FROM exercises WHERE name_en='Machine Row'), '6-10', '["T-Bar Row", "Bent-Over Barbell Row", "Band Row"]'::jsonb, 'Keep your spine neutral. | Pull elbows back with control. | Avoid using lower-back momentum.'),
  ((SELECT id FROM fixed_split_days WHERE fixed_split_id='upper_lower_push_legs_pull_lower_6day_female' AND day_number=5), 6, (SELECT id FROM exercises WHERE name_en='EZ-Bar Curl'), '10-15', '["Barbell Curl", "Dumbbell Curl", "Cable Curl", "Chin-Up"]'::jsonb, 'Keep elbows fixed. | Use clean reps, not swinging. | Control the negative.'),
  ((SELECT id FROM fixed_split_days WHERE fixed_split_id='upper_lower_push_legs_pull_lower_6day_female' AND day_number=5), 7, (SELECT id FROM exercises WHERE name_en='Incline Dumbbell Curl'), '10-15', '["Bayesian Cable Curl", "Preacher Curl"]'::jsonb, 'Let the biceps stretch safely. | Keep shoulder stable. | Curl with control.'),
  ((SELECT id FROM fixed_split_days WHERE fixed_split_id='upper_lower_push_legs_pull_lower_6day_female' AND day_number=6), 1, (SELECT id FROM exercises WHERE name_en='Leg Press'), '6-10', '["Single-Leg Leg Press", "Horizontal Leg Press"]'::jsonb, 'Keep lower back on the pad. | Do not lock knees aggressively. | Control the depth.'),
  ((SELECT id FROM fixed_split_days WHERE fixed_split_id='upper_lower_push_legs_pull_lower_6day_female' AND day_number=6), 2, (SELECT id FROM exercises WHERE name_en='Back Squat'), '6-10', '["Hack Squat", "Smith Machine Squat", "Goblet Squat", "Front Squat", "Bodyweight Squat"]'::jsonb, 'Brace your core before each rep. | Keep knees tracking with toes. | Control depth and stand up strong.'),
  ((SELECT id FROM fixed_split_days WHERE fixed_split_id='upper_lower_push_legs_pull_lower_6day_female' AND day_number=6), 3, (SELECT id FROM exercises WHERE name_en='Leg Extension'), '10-15', '["Single-Leg Extension", "Band Leg Extension"]'::jsonb, 'Keep back against the seat. | Lift with quads, not momentum. | Squeeze at the top.'),
  ((SELECT id FROM fixed_split_days WHERE fixed_split_id='upper_lower_push_legs_pull_lower_6day_female' AND day_number=6), 4, (SELECT id FROM exercises WHERE name_en='Seated Leg Curl'), '10-15', '["Standing Single-Leg Curl", "Lying Leg Curl", "Band Hamstring Curl"]'::jsonb, 'Keep hips stable. | Curl smoothly and squeeze hamstrings. | Lower the weight slowly.'),
  ((SELECT id FROM fixed_split_days WHERE fixed_split_id='upper_lower_push_legs_pull_lower_6day_female' AND day_number=6), 5, (SELECT id FROM exercises WHERE name_en='Hip Thrust'), '6-10', '["Smith Machine Hip Thrust", "Machine Hip Thrust", "Glute Bridge", "Single-Leg Glute Bridge", "Banded Glute Bridge"]'::jsonb, 'Push through heels. | Squeeze glutes at the top. | Do not over-arch lower back.'),
  ((SELECT id FROM fixed_split_days WHERE fixed_split_id='upper_lower_push_legs_pull_lower_6day_female' AND day_number=6), 6, (SELECT id FROM exercises WHERE name_en='Cable Crunch'), '12-20', '["Machine Crunch", "Hanging Leg Raise", "Reverse Crunch", "Plank", "Ab Wheel Rollout"]'::jsonb, 'Brace your abs before moving. | Keep lower back controlled. | Do not rush reps.'),
  ((SELECT id FROM fixed_split_days WHERE fixed_split_id='upper_lower_push_legs_pull_lower_6day_female' AND day_number=6), 7, (SELECT id FROM exercises WHERE name_en='Standing Calf Raise'), '12-20', '["Seated Calf Raise", "Leg Press Calf Raise", "Single-Leg Calf Raise", "Bodyweight Calf Raise"]'::jsonb, 'Use full range. | Pause at the top. | Do not bounce.');

-- ============================================================
-- 3. Guard: every fixed exercise resolved to a catalog row.
--    A mis-spelled name would silently insert NULL exercise_id; the NOT NULL
--    column already blocks that, but assert the full count too.
-- ============================================================
DO $$
DECLARE
  n INT;
BEGIN
  SELECT COUNT(*) INTO n FROM fixed_split_exercises;
  IF n <> 280 THEN
    RAISE EXCEPTION 'fixed_split_exercises seeded % rows, expected 280', n;
  END IF;
END $$;

-- ============================================================
-- 4. Slim the questionnaire to what matches or adapts a fixed split.
--    gender + days_per_week select the split; experience + recovery guide the
--    day count; location/equipment/injuries power the manual swap picker.
-- ============================================================
DELETE FROM questionnaire_questions;
INSERT INTO questionnaire_questions (id, order_index, question_en, question_ar, type, options, options_ar, shown_if, max_selections) VALUES
  ('goal', 0, 'What''s your main goal?', 'ما هو هدفك الأساسي؟', 'single_select', '["Muscle growth (hypertrophy)","Strength","Fat loss","Body recomposition (lose fat + build muscle)","General fitness / home convenience"]'::jsonb, '["بناء العضلات (تضخيم)","زيادة القوة","خسارة الدهون","إعادة تشكيل الجسم (خسارة دهون + بناء عضل)","لياقة عامة / راحة منزلية"]'::jsonb, NULL, NULL),
  ('gender', 1, 'What''s your biological sex? We use it to match you to the right split.', 'ما هو جنسك البيولوجي؟ نستعمله لاختيار التقسيمة المناسبة ليك.', 'single_select', '["Male","Female","Prefer not to say"]'::jsonb, '["ذكر","أنثى","نفضّل ما نقولش"]'::jsonb, NULL, NULL),
  ('experience', 2, 'How long have you been training consistently?', 'منذ متى وأنت تتدرب بانتظام؟', 'single_select', '["Beginner (0-6 months)","Intermediate (6mo-2yrs)","Advanced (2+ yrs)"]'::jsonb, '["مبتدئ (0-6 أشهر)","متوسط (6 أشهر - سنتين)","متقدم (أكثر من سنتين)"]'::jsonb, NULL, NULL),
  ('recovery_capacity', 3, 'How would you describe your sleep and stress levels lately?', 'كيفاش تلقى نومك ومستوى التوتر متاعك في الفترة الأخيرة؟', 'single_select', '["Good sleep, low stress","Okay — some off days","Poor sleep or high stress lately"]'::jsonb, '["نوم جيد وتوتر منخفض","لا بأس — بعض الأيام الصعبة","نوم سيء أو توتر مرتفع مؤخراً"]'::jsonb, NULL, NULL),
  ('days_per_week', 4, 'How many days per week can you train? If you''re a beginner or your recovery is low, 2-3 days is plenty.', 'قداش من نهار في الجمعة تنجم تتمرن؟ إذا كنت مبتدئ ولا التعافي متاعك ضعيف، 2-3 أيام يكفيو برشا.', 'single_select', '["2","3","4","5","6"]'::jsonb, '["2","3","4","5","6"]'::jsonb, NULL, NULL),
  ('location', 5, 'Where will you train?', 'وين باش تتمرن؟', 'single_select', '["Gym only","Home only","Home + Gym (hybrid)"]'::jsonb, '["نادي رياضي فقط","الدار فقط","دار + نادي (مختلط)"]'::jsonb, NULL, NULL),
  ('equipment_gym', 6, 'At the gym, what do you have access to?', 'في النادي، شنوّة المعدات المتوفرة ليك؟', 'multi_select', '["Barbell","Dumbbells","Cable machines","Selectorized machines","Kettlebell"]'::jsonb, '["بار حديد","دمبل","أجهزة كابل","أجهزة مقعدة (سيليكتورايز)","كيتل بيل"]'::jsonb, '{"location":["Gym only","Home + Gym (hybrid)"]}'::jsonb, NULL),
  ('equipment_home', 7, 'At home, what do you have access to?', 'في الدار، شنوّة المعدات المتوفرة ليك؟', 'multi_select', '["Dumbbells","Resistance bands","Pull-up bar","Kettlebell","Bodyweight only"]'::jsonb, '["دمبل","مطاط مقاومة","عارضة عقلة","كيتل بيل","وزن الجسم فقط"]'::jsonb, '{"location":["Home only","Home + Gym (hybrid)"]}'::jsonb, NULL),
  ('injuries', 8, 'Any current or recurring injuries? (select all that apply)', 'عندك أي إصابات حالية ولا متكررة؟ (اختر كل ما ينطبق)', 'multi_select', '["None","Lower back","Knee","Shoulder","Wrist / elbow","Neck"]'::jsonb, '["لا شيء","أسفل الظهر","الركبة","الكتف","الرسغ / المرفق","الرقبة"]'::jsonb, NULL, NULL),
  ('pregnancy_status', 9, 'Does any of this apply to you? (Consult your doctor before starting any program)', 'ينطبق عليك أي مما يلي؟ (استشيري الطبيب قبل ما تبداي أي برنامج)', 'single_select', '["None","Pregnant","Postpartum (0-6 months)","Postpartum (6+ months)"]'::jsonb, '["لا شيء","حامل","بعد الولادة (0-6 أشهر)","بعد الولادة (أكثر من 6 أشهر)"]'::jsonb, '{"gender":["Female"]}'::jsonb, NULL);

COMMIT;

-- Rollback:
--   BEGIN;
--   DROP TABLE IF EXISTS fixed_split_exercises, fixed_split_days, fixed_splits CASCADE;
--   -- (questionnaire_questions would need re-seeding from migration 019.)
--   COMMIT;
